entity,coding_name,code
participant,blood_sample,0
participant,blood_sample,1
participant,demog_ethnicity_1_1,1
participant,demog_ethnicity_1_1,2
participant,demog_ethnicity_1_1,3
participant,demog_ethnicity_1_1,4
participant,demog_ethnicity_1_1,5
participant,demog_ethnicity_1_1,6
participant,demog_ethnicity_1_1,7
participant,demog_ethnicity_1_1,8
participant,demog_ethnicity_1_1,9
participant,demog_ethnicity_1_1,10
participant,demog_ethnicity_1_1,11
participant,demog_ethnicity_1_1,12
participant,demog_ethnicity_1_1,13
participant,demog_ethnicity_1_1,14
participant,demog_ethnicity_1_1,15
participant,demog_ethnicity_1_1,16
participant,demog_ethnicity_1_1,17
participant,demog_ethnicity_1_1,18
participant,demog_ethnicity_1_1,19
participant,demog_ethnicity_1_1,-3
participant,demog_gender_1_1,1
participant,demog_gender_1_1,2
participant,demog_gender_1_1,3
participant,demog_gender_1_1,4
participant,demog_gender_1_1,5
participant,demog_gender_1_1,6
participant,demog_gender_1_1,-3
participant,demog_gender_2_1,1
participant,demog_gender_2_1,2
participant,demog_gender_2_1,3
participant,demog_gender_2_1,4
participant,demog_gender_2_1,5
participant,demog_gender_2_1,-3
participant,demog_sex_1_1,1
participant,demog_sex_1_1,2
participant,demog_sex_1_1,3
participant,demog_sex_1_1,-3
participant,demog_sex_2_1,2
participant,demog_sex_2_1,1
participant,demog_sex_2_1,3
participant,demog_sex_2_1,-3
questionnaire,demog_height_enter_unit_1_1,1
questionnaire,demog_height_enter_unit_1_1,2
questionnaire,demog_height_enter_unit_1_1,-1
questionnaire,demog_height_enter_unit_1_1,-3
questionnaire,demog_language_1_1,1
questionnaire,demog_language_1_1,2
questionnaire,demog_language_1_1,3
questionnaire,demog_language_1_1,4
questionnaire,demog_language_1_1,5
questionnaire,demog_language_1_1,6
questionnaire,demog_language_1_1,7
questionnaire,demog_language_1_1,8
questionnaire,demog_language_1_1,9
questionnaire,demog_language_1_1,10
questionnaire,demog_language_1_1,11
questionnaire,demog_language_1_1,12
questionnaire,demog_language_1_1,13
questionnaire,demog_language_1_1,-3
questionnaire,demog_relatsh_civil_curr_1_1,1
questionnaire,demog_relatsh_civil_curr_1_1,2
questionnaire,demog_relatsh_civil_curr_1_1,3
questionnaire,demog_relatsh_civil_curr_1_1,-3
questionnaire,demog_relatsh_civil_prev_1_1,1
questionnaire,demog_relatsh_civil_prev_1_1,2
questionnaire,demog_relatsh_civil_prev_1_1,3
questionnaire,demog_relatsh_civil_prev_1_1,-3
questionnaire,demog_relatsh_marr_curr_1_1,1
questionnaire,demog_relatsh_marr_curr_1_1,2
questionnaire,demog_relatsh_marr_curr_1_1,3
questionnaire,demog_relatsh_marr_curr_1_1,-3
questionnaire,demog_relatsh_marr_prev_1_1,1
questionnaire,demog_relatsh_marr_prev_1_1,2
questionnaire,demog_relatsh_marr_prev_1_1,3
questionnaire,demog_relatsh_marr_prev_1_1,-3
questionnaire,demog_relatsh_status_1_1,1
questionnaire,demog_relatsh_status_1_1,2
questionnaire,demog_relatsh_status_1_1,6
questionnaire,demog_relatsh_status_1_1,3
questionnaire,demog_relatsh_status_1_1,4
questionnaire,demog_relatsh_status_1_1,5
questionnaire,demog_relatsh_status_1_1,7
questionnaire,demog_relatsh_status_1_1,-3
questionnaire,demog_relatsh_status_2_1,1
questionnaire,demog_relatsh_status_2_1,2
questionnaire,demog_relatsh_status_2_1,3
questionnaire,demog_relatsh_status_2_1,4
questionnaire,demog_relatsh_status_2_1,5
questionnaire,demog_relatsh_status_2_1,6
questionnaire,demog_relatsh_status_2_1,7
questionnaire,demog_relatsh_status_2_1,8
questionnaire,demog_relatsh_status_2_1,9
questionnaire,demog_relatsh_status_2_1,10
questionnaire,demog_relatsh_status_2_1,-3
questionnaire,demog_sexual_orientation_1_1,1
questionnaire,demog_sexual_orientation_1_1,2
questionnaire,demog_sexual_orientation_1_1,3
questionnaire,demog_sexual_orientation_1_1,4
questionnaire,demog_sexual_orientation_1_1,5
questionnaire,demog_sexual_orientation_1_1,6
questionnaire,demog_sexual_orientation_1_1,-3
questionnaire,demog_transgender_1_1,1
questionnaire,demog_transgender_1_1,0
questionnaire,demog_transgender_1_1,-3
questionnaire,demog_weight_enter_unit_1_1,1
questionnaire,demog_weight_enter_unit_1_1,2
questionnaire,demog_weight_enter_unit_1_1,-1
questionnaire,demog_weight_enter_unit_1_1,-3
questionnaire,housing_curr_add_yrs_1_1,-999
questionnaire,housing_curr_add_yrs_1_1,-10
questionnaire,housing_curr_add_yrs_1_1,-1
questionnaire,housing_curr_add_yrs_1_1,-3
questionnaire,housing_energy_1_m,1
questionnaire,housing_energy_1_m,2
questionnaire,housing_energy_1_m,3
questionnaire,housing_energy_1_m,-7
questionnaire,housing_energy_1_m,-1
questionnaire,housing_energy_1_m,-3
questionnaire,housing_heat_1_m,1
questionnaire,housing_heat_1_m,2
questionnaire,housing_heat_1_m,3
questionnaire,housing_heat_1_m,4
questionnaire,housing_heat_1_m,5
questionnaire,housing_heat_1_m,6
questionnaire,housing_heat_1_m,-7
questionnaire,housing_heat_1_m,-1
questionnaire,housing_heat_1_m,-3
questionnaire,housing_people_1_1,-1
questionnaire,housing_people_1_1,-3
questionnaire,housing_people_relate_1_m,1
questionnaire,housing_people_relate_1_m,2
questionnaire,housing_people_relate_1_m,3
questionnaire,housing_people_relate_1_m,4
questionnaire,housing_people_relate_1_m,5
questionnaire,housing_people_relate_1_m,6
questionnaire,housing_people_relate_1_m,7
questionnaire,housing_people_relate_1_m,8
questionnaire,housing_people_relate_1_m,-3
questionnaire,housing_tenure_1_1,1
questionnaire,housing_tenure_1_1,2
questionnaire,housing_tenure_1_1,3
questionnaire,housing_tenure_1_1,4
questionnaire,housing_tenure_1_1,5
questionnaire,housing_tenure_1_1,6
questionnaire,housing_tenure_1_1,-7
questionnaire,housing_tenure_1_1,-3
questionnaire,housing_type_1_1,1
questionnaire,housing_type_1_1,2
questionnaire,housing_type_1_1,3
questionnaire,housing_type_1_1,4
questionnaire,housing_type_1_1,5
questionnaire,housing_type_1_1,-7
questionnaire,housing_type_1_1,-3
questionnaire,housing_vehicles_1_1,1
questionnaire,housing_vehicles_1_1,2
questionnaire,housing_vehicles_1_1,3
questionnaire,housing_vehicles_1_1,4
questionnaire,housing_vehicles_1_1,5
questionnaire,housing_vehicles_1_1,-1
questionnaire,housing_vehicles_1_1,-3
questionnaire,edu_comp_age_1_1,0
questionnaire,edu_comp_age_1_1,-2
questionnaire,edu_comp_age_1_1,-1
questionnaire,edu_comp_age_1_1,-3
questionnaire,edu_comp_age_2_1,0
questionnaire,edu_comp_age_2_1,-2
questionnaire,edu_comp_age_2_1,-1
questionnaire,edu_comp_age_2_1,-3
questionnaire,edu_qual_1_m,1
questionnaire,edu_qual_1_m,2
questionnaire,edu_qual_1_m,3
questionnaire,edu_qual_1_m,4
questionnaire,edu_qual_1_m,5
questionnaire,edu_qual_1_m,6
questionnaire,edu_qual_1_m,-7
questionnaire,edu_qual_1_m,-3
questionnaire,housing_income_1_1,1
questionnaire,housing_income_1_1,2
questionnaire,housing_income_1_1,3
questionnaire,housing_income_1_1,4
questionnaire,housing_income_1_1,5
questionnaire,housing_income_1_1,-1
questionnaire,housing_income_1_1,-3
questionnaire,work_distance_1_1,-10
questionnaire,work_distance_1_1,-1
questionnaire,work_distance_1_1,-3
questionnaire,work_manual_labour_1_1,1
questionnaire,work_manual_labour_1_1,2
questionnaire,work_manual_labour_1_1,3
questionnaire,work_manual_labour_1_1,4
questionnaire,work_manual_labour_1_1,-1
questionnaire,work_manual_labour_1_1,-3
questionnaire,work_nights_1_1,1
questionnaire,work_nights_1_1,2
questionnaire,work_nights_1_1,3
questionnaire,work_nights_1_1,4
questionnaire,work_nights_1_1,-1
questionnaire,work_nights_1_1,-3
questionnaire,work_shifts_1_1,1
questionnaire,work_shifts_1_1,2
questionnaire,work_shifts_1_1,3
questionnaire,work_shifts_1_1,4
questionnaire,work_shifts_1_1,-1
questionnaire,work_shifts_1_1,-3
questionnaire,work_status_1_m,1
questionnaire,work_status_1_m,2
questionnaire,work_status_1_m,3
questionnaire,work_status_1_m,4
questionnaire,work_status_1_m,8
questionnaire,work_status_1_m,6
questionnaire,work_status_1_m,7
questionnaire,work_status_1_m,5
questionnaire,work_status_1_m,-7
questionnaire,work_status_1_m,-3
questionnaire,work_status_2_m,1
questionnaire,work_status_2_m,2
questionnaire,work_status_2_m,3
questionnaire,work_status_2_m,4
questionnaire,work_status_2_m,8
questionnaire,work_status_2_m,6
questionnaire,work_status_2_m,7
questionnaire,work_status_2_m,9
questionnaire,work_status_2_m,-5
questionnaire,work_status_2_m,-7
questionnaire,work_status_2_m,-3
questionnaire,work_transport_1_m,1
questionnaire,work_transport_1_m,2
questionnaire,work_transport_1_m,3
questionnaire,work_transport_1_m,4
questionnaire,work_transport_1_m,-7
questionnaire,work_transport_1_m,-3
questionnaire,work_walk_stand_1_1,1
questionnaire,work_walk_stand_1_1,2
questionnaire,work_walk_stand_1_1,3
questionnaire,work_walk_stand_1_1,4
questionnaire,work_walk_stand_1_1,-1
questionnaire,work_walk_stand_1_1,-3
questionnaire,work_wk_hrs_1_1,-1
questionnaire,work_wk_hrs_1_1,-3
questionnaire,work_wk_travel_1_1,-10
questionnaire,work_wk_travel_1_1,-1
questionnaire,work_wk_travel_1_1,-3
questionnaire,work_yrs_1_1,-10
questionnaire,work_yrs_1_1,-1
questionnaire,work_yrs_1_1,-3
questionnaire,activity_mod_days_1_1,-1
questionnaire,activity_mod_days_1_1,-3
questionnaire,activity_mod_days_2_1,-1
questionnaire,activity_mod_days_2_1,-3
questionnaire,activity_mod_mins_1_1,-1
questionnaire,activity_mod_mins_1_1,-3
questionnaire,activity_mod_mins_2_1,-1
questionnaire,activity_mod_mins_2_1,-3
questionnaire,activity_stairs_1_1,0
questionnaire,activity_stairs_1_1,1
questionnaire,activity_stairs_1_1,2
questionnaire,activity_stairs_1_1,3
questionnaire,activity_stairs_1_1,4
questionnaire,activity_stairs_1_1,5
questionnaire,activity_stairs_1_1,-1
questionnaire,activity_stairs_1_1,-3
questionnaire,activity_transport_1_m,1
questionnaire,activity_transport_1_m,2
questionnaire,activity_transport_1_m,3
questionnaire,activity_transport_1_m,4
questionnaire,activity_transport_1_m,-7
questionnaire,activity_transport_1_m,-3
questionnaire,activity_type_1_m,1
questionnaire,activity_type_1_m,2
questionnaire,activity_type_1_m,3
questionnaire,activity_type_1_m,4
questionnaire,activity_type_1_m,5
questionnaire,activity_type_1_m,-7
questionnaire,activity_type_1_m,-3
questionnaire,activity_type_diy_heavy_1_1,1
questionnaire,activity_type_diy_heavy_1_1,2
questionnaire,activity_type_diy_heavy_1_1,3
questionnaire,activity_type_diy_heavy_1_1,4
questionnaire,activity_type_diy_heavy_1_1,5
questionnaire,activity_type_diy_heavy_1_1,6
questionnaire,activity_type_diy_heavy_1_1,-1
questionnaire,activity_type_diy_heavy_1_1,-3
questionnaire,activity_type_diy_heavy_dur_1_1,1
questionnaire,activity_type_diy_heavy_dur_1_1,2
questionnaire,activity_type_diy_heavy_dur_1_1,3
questionnaire,activity_type_diy_heavy_dur_1_1,4
questionnaire,activity_type_diy_heavy_dur_1_1,5
questionnaire,activity_type_diy_heavy_dur_1_1,6
questionnaire,activity_type_diy_heavy_dur_1_1,7
questionnaire,activity_type_diy_heavy_dur_1_1,-1
questionnaire,activity_type_diy_heavy_dur_1_1,-3
questionnaire,activity_type_diy_light_1_1,1
questionnaire,activity_type_diy_light_1_1,2
questionnaire,activity_type_diy_light_1_1,3
questionnaire,activity_type_diy_light_1_1,4
questionnaire,activity_type_diy_light_1_1,5
questionnaire,activity_type_diy_light_1_1,6
questionnaire,activity_type_diy_light_1_1,-1
questionnaire,activity_type_diy_light_1_1,-3
questionnaire,activity_type_diy_light_dur_1_1,1
questionnaire,activity_type_diy_light_dur_1_1,2
questionnaire,activity_type_diy_light_dur_1_1,3
questionnaire,activity_type_diy_light_dur_1_1,4
questionnaire,activity_type_diy_light_dur_1_1,5
questionnaire,activity_type_diy_light_dur_1_1,6
questionnaire,activity_type_diy_light_dur_1_1,7
questionnaire,activity_type_diy_light_dur_1_1,-1
questionnaire,activity_type_diy_light_dur_1_1,-3
questionnaire,activity_type_exercise_1_1,1
questionnaire,activity_type_exercise_1_1,2
questionnaire,activity_type_exercise_1_1,3
questionnaire,activity_type_exercise_1_1,4
questionnaire,activity_type_exercise_1_1,5
questionnaire,activity_type_exercise_1_1,6
questionnaire,activity_type_exercise_1_1,-1
questionnaire,activity_type_exercise_1_1,-3
questionnaire,activity_type_exercise_dur_1_1,1
questionnaire,activity_type_exercise_dur_1_1,2
questionnaire,activity_type_exercise_dur_1_1,3
questionnaire,activity_type_exercise_dur_1_1,4
questionnaire,activity_type_exercise_dur_1_1,5
questionnaire,activity_type_exercise_dur_1_1,6
questionnaire,activity_type_exercise_dur_1_1,7
questionnaire,activity_type_exercise_dur_1_1,-1
questionnaire,activity_type_exercise_dur_1_1,-3
questionnaire,activity_type_stren_1_1,1
questionnaire,activity_type_stren_1_1,2
questionnaire,activity_type_stren_1_1,3
questionnaire,activity_type_stren_1_1,4
questionnaire,activity_type_stren_1_1,5
questionnaire,activity_type_stren_1_1,6
questionnaire,activity_type_stren_1_1,-1
questionnaire,activity_type_stren_1_1,-3
questionnaire,activity_type_stren_dur_1_1,1
questionnaire,activity_type_stren_dur_1_1,2
questionnaire,activity_type_stren_dur_1_1,3
questionnaire,activity_type_stren_dur_1_1,4
questionnaire,activity_type_stren_dur_1_1,5
questionnaire,activity_type_stren_dur_1_1,6
questionnaire,activity_type_stren_dur_1_1,7
questionnaire,activity_type_stren_dur_1_1,-1
questionnaire,activity_type_stren_dur_1_1,-3
questionnaire,activity_type_walk_1_1,1
questionnaire,activity_type_walk_1_1,2
questionnaire,activity_type_walk_1_1,3
questionnaire,activity_type_walk_1_1,4
questionnaire,activity_type_walk_1_1,5
questionnaire,activity_type_walk_1_1,6
questionnaire,activity_type_walk_1_1,-1
questionnaire,activity_type_walk_1_1,-3
questionnaire,activity_type_walk_dur_1_1,1
questionnaire,activity_type_walk_dur_1_1,2
questionnaire,activity_type_walk_dur_1_1,3
questionnaire,activity_type_walk_dur_1_1,4
questionnaire,activity_type_walk_dur_1_1,5
questionnaire,activity_type_walk_dur_1_1,6
questionnaire,activity_type_walk_dur_1_1,7
questionnaire,activity_type_walk_dur_1_1,-1
questionnaire,activity_type_walk_dur_1_1,-3
questionnaire,activity_vig_days_1_1,-1
questionnaire,activity_vig_days_1_1,-3
questionnaire,activity_vig_days_2_1,-1
questionnaire,activity_vig_days_2_1,-3
questionnaire,activity_vig_mins_1_1,-1
questionnaire,activity_vig_mins_1_1,-3
questionnaire,activity_vig_mins_2_1,-1
questionnaire,activity_vig_mins_2_1,-3
questionnaire,activity_walk_days_1_1,-1
questionnaire,activity_walk_days_1_1,-2
questionnaire,activity_walk_days_1_1,-3
questionnaire,activity_walk_days_2_1,-1
questionnaire,activity_walk_days_2_1,-2
questionnaire,activity_walk_days_2_1,-3
questionnaire,activity_walk_mins_1_1,-1
questionnaire,activity_walk_mins_1_1,-3
questionnaire,activity_walk_mins_2_1,-1
questionnaire,activity_walk_mins_2_1,-3
questionnaire,activity_walk_pace_1_1,1
questionnaire,activity_walk_pace_1_1,2
questionnaire,activity_walk_pace_1_1,3
questionnaire,activity_walk_pace_1_1,-7
questionnaire,activity_walk_pace_1_1,-3
questionnaire,alcohol_beer_mth_1_1,-1
questionnaire,alcohol_beer_mth_1_1,-3
questionnaire,alcohol_beer_mth_2_1,-1
questionnaire,alcohol_beer_mth_2_1,-3
questionnaire,alcohol_beer_wk_1_1,-1
questionnaire,alcohol_beer_wk_1_1,-3
questionnaire,alcohol_chg_1_1,1
questionnaire,alcohol_chg_1_1,2
questionnaire,alcohol_chg_1_1,3
questionnaire,alcohol_chg_1_1,-1
questionnaire,alcohol_chg_1_1,-3
questionnaire,alcohol_chg_abst_reason_1_1,1
questionnaire,alcohol_chg_abst_reason_1_1,2
questionnaire,alcohol_chg_abst_reason_1_1,3
questionnaire,alcohol_chg_abst_reason_1_1,4
questionnaire,alcohol_chg_abst_reason_1_1,5
questionnaire,alcohol_chg_abst_reason_1_1,-1
questionnaire,alcohol_chg_abst_reason_1_1,-3
questionnaire,alcohol_chg_abst_reason_2_m,1
questionnaire,alcohol_chg_abst_reason_2_m,2
questionnaire,alcohol_chg_abst_reason_2_m,3
questionnaire,alcohol_chg_abst_reason_2_m,4
questionnaire,alcohol_chg_abst_reason_2_m,5
questionnaire,alcohol_chg_abst_reason_2_m,6
questionnaire,alcohol_chg_abst_reason_2_m,7
questionnaire,alcohol_chg_abst_reason_2_m,8
questionnaire,alcohol_chg_abst_reason_2_m,9
questionnaire,alcohol_chg_abst_reason_2_m,10
questionnaire,alcohol_chg_abst_reason_2_m,11
questionnaire,alcohol_chg_abst_reason_2_m,12
questionnaire,alcohol_chg_abst_reason_2_m,-1
questionnaire,alcohol_chg_abst_reason_2_m,-3
questionnaire,alcohol_chg_reduce_reason_1_1,1
questionnaire,alcohol_chg_reduce_reason_1_1,2
questionnaire,alcohol_chg_reduce_reason_1_1,3
questionnaire,alcohol_chg_reduce_reason_1_1,4
questionnaire,alcohol_chg_reduce_reason_1_1,5
questionnaire,alcohol_chg_reduce_reason_1_1,-1
questionnaire,alcohol_chg_reduce_reason_1_1,-3
questionnaire,alcohol_chg_reduce_reason_2_m,1
questionnaire,alcohol_chg_reduce_reason_2_m,2
questionnaire,alcohol_chg_reduce_reason_2_m,3
questionnaire,alcohol_chg_reduce_reason_2_m,4
questionnaire,alcohol_chg_reduce_reason_2_m,5
questionnaire,alcohol_chg_reduce_reason_2_m,6
questionnaire,alcohol_chg_reduce_reason_2_m,7
questionnaire,alcohol_chg_reduce_reason_2_m,8
questionnaire,alcohol_chg_reduce_reason_2_m,9
questionnaire,alcohol_chg_reduce_reason_2_m,10
questionnaire,alcohol_chg_reduce_reason_2_m,11
questionnaire,alcohol_chg_reduce_reason_2_m,12
questionnaire,alcohol_chg_reduce_reason_2_m,-1
questionnaire,alcohol_chg_reduce_reason_2_m,-3
questionnaire,alcohol_curr_1_1,1
questionnaire,alcohol_curr_1_1,2
questionnaire,alcohol_curr_1_1,3
questionnaire,alcohol_curr_1_1,4
questionnaire,alcohol_curr_1_1,5
questionnaire,alcohol_curr_1_1,6
questionnaire,alcohol_curr_1_1,-3
questionnaire,alcohol_food_1_1,1
questionnaire,alcohol_food_1_1,0
questionnaire,alcohol_food_1_1,-6
questionnaire,alcohol_food_1_1,-1
questionnaire,alcohol_food_1_1,-3
questionnaire,alcohol_other_mth_1_1,-1
questionnaire,alcohol_other_mth_1_1,-3
questionnaire,alcohol_other_mth_2_1,-1
questionnaire,alcohol_other_mth_2_1,-3
questionnaire,alcohol_other_wk_1_1,-1
questionnaire,alcohol_other_wk_1_1,-3
questionnaire,alcohol_prev_1_1,1
questionnaire,alcohol_prev_1_1,0
questionnaire,alcohol_prev_1_1,-3
questionnaire,alcohol_spirits_mth_1_1,-1
questionnaire,alcohol_spirits_mth_1_1,-3
questionnaire,alcohol_spirits_mth_2_1,-1
questionnaire,alcohol_spirits_mth_2_1,-3
questionnaire,alcohol_spirits_wk_1_1,-1
questionnaire,alcohol_spirits_wk_1_1,-3
questionnaire,alcohol_wine_fort_mth_1_1,-1
questionnaire,alcohol_wine_fort_mth_1_1,-3
questionnaire,alcohol_wine_fort_mth_2_1,-1
questionnaire,alcohol_wine_fort_mth_2_1,-3
questionnaire,alcohol_wine_fort_wk_1_1,-1
questionnaire,alcohol_wine_fort_wk_1_1,-3
questionnaire,alcohol_wine_red_mth_1_1,-1
questionnaire,alcohol_wine_red_mth_1_1,-3
questionnaire,alcohol_wine_red_mth_2_1,-1
questionnaire,alcohol_wine_red_mth_2_1,-3
questionnaire,alcohol_wine_red_wk_1_1,-1
questionnaire,alcohol_wine_red_wk_1_1,-3
questionnaire,alcohol_wine_white_mth_1_1,-1
questionnaire,alcohol_wine_white_mth_1_1,-3
questionnaire,alcohol_wine_white_mth_2_1,-1
questionnaire,alcohol_wine_white_mth_2_1,-3
questionnaire,alcohol_wine_white_wk_1_1,-1
questionnaire,alcohol_wine_white_wk_1_1,-3
questionnaire,lifestyle_drive_hrs_1_1,-10
questionnaire,lifestyle_drive_hrs_1_1,-1
questionnaire,lifestyle_drive_hrs_1_1,-3
questionnaire,lifestyle_outdoor_sum_hrs_1_1,-10
questionnaire,lifestyle_outdoor_sum_hrs_1_1,-1
questionnaire,lifestyle_outdoor_sum_hrs_1_1,-3
questionnaire,lifestyle_outdoor_win_hrs_1_1,-10
questionnaire,lifestyle_outdoor_win_hrs_1_1,-1
questionnaire,lifestyle_outdoor_win_hrs_1_1,-3
questionnaire,lifestyle_screen_pc_hrs_1_1,-10
questionnaire,lifestyle_screen_pc_hrs_1_1,-1
questionnaire,lifestyle_screen_pc_hrs_1_1,-3
questionnaire,lifestyle_screen_pc_hrs_2_1,-10
questionnaire,lifestyle_screen_pc_hrs_2_1,-1
questionnaire,lifestyle_screen_pc_hrs_2_1,-3
questionnaire,lifestyle_screen_tv_hrs_1_1,-10
questionnaire,lifestyle_screen_tv_hrs_1_1,-1
questionnaire,lifestyle_screen_tv_hrs_1_1,-3
questionnaire,lifestyle_screen_tv_hrs_2_1,-10
questionnaire,lifestyle_screen_tv_hrs_2_1,-1
questionnaire,lifestyle_screen_tv_hrs_2_1,-3
questionnaire,lifestyle_social_rec_1_m,1
questionnaire,lifestyle_social_rec_1_m,2
questionnaire,lifestyle_social_rec_1_m,3
questionnaire,lifestyle_social_rec_1_m,4
questionnaire,lifestyle_social_rec_1_m,5
questionnaire,lifestyle_social_rec_1_m,-7
questionnaire,lifestyle_social_rec_1_m,-3
questionnaire,lifestyle_social_visits_1_1,1
questionnaire,lifestyle_social_visits_1_1,2
questionnaire,lifestyle_social_visits_1_1,3
questionnaire,lifestyle_social_visits_1_1,4
questionnaire,lifestyle_social_visits_1_1,5
questionnaire,lifestyle_social_visits_1_1,6
questionnaire,lifestyle_social_visits_1_1,7
questionnaire,lifestyle_social_visits_1_1,-1
questionnaire,lifestyle_social_visits_1_1,-3
questionnaire,sleep_chronotype_1_1,1
questionnaire,sleep_chronotype_1_1,2
questionnaire,sleep_chronotype_1_1,3
questionnaire,sleep_chronotype_1_1,4
questionnaire,sleep_chronotype_1_1,-1
questionnaire,sleep_chronotype_1_1,-3
questionnaire,sleep_daytime_1_1,0
questionnaire,sleep_daytime_1_1,1
questionnaire,sleep_daytime_1_1,2
questionnaire,sleep_daytime_1_1,-1
questionnaire,sleep_daytime_1_1,-3
questionnaire,sleep_hrs_1_1,-1
questionnaire,sleep_hrs_1_1,-3
questionnaire,sleep_napping_1_1,1
questionnaire,sleep_napping_1_1,2
questionnaire,sleep_napping_1_1,3
questionnaire,sleep_napping_1_1,-3
questionnaire,sleep_snoring_1_1,1
questionnaire,sleep_snoring_1_1,2
questionnaire,sleep_snoring_1_1,-1
questionnaire,sleep_snoring_1_1,-3
questionnaire,sleep_trouble_1_1,1
questionnaire,sleep_trouble_1_1,2
questionnaire,sleep_trouble_1_1,3
questionnaire,sleep_trouble_1_1,-3
questionnaire,sleep_waking_1_1,1
questionnaire,sleep_waking_1_1,2
questionnaire,sleep_waking_1_1,3
questionnaire,sleep_waking_1_1,4
questionnaire,sleep_waking_1_1,-1
questionnaire,sleep_waking_1_1,-3
questionnaire,smoke_100_times_1_1,1
questionnaire,smoke_100_times_1_1,0
questionnaire,smoke_100_times_1_1,-1
questionnaire,smoke_100_times_1_1,-3
questionnaire,smoke_100_times_2_1,0
questionnaire,smoke_100_times_2_1,1
questionnaire,smoke_100_times_2_1,2
questionnaire,smoke_100_times_2_1,3
questionnaire,smoke_100_times_2_1,-3
questionnaire,smoke_avg_1_1,-10
questionnaire,smoke_avg_1_1,-1
questionnaire,smoke_avg_2_1,-10
questionnaire,smoke_avg_2_1,-1
questionnaire,smoke_avg_prev_1_1,-10
questionnaire,smoke_avg_prev_1_1,-1
questionnaire,smoke_chg_1_1,1
questionnaire,smoke_chg_1_1,2
questionnaire,smoke_chg_1_1,3
questionnaire,smoke_chg_1_1,-3
questionnaire,smoke_chg_2_1,1
questionnaire,smoke_chg_2_1,2
questionnaire,smoke_chg_2_1,3
questionnaire,smoke_chg_2_1,-3
questionnaire,smoke_chg_abst_1_1,1
questionnaire,smoke_chg_abst_1_1,0
questionnaire,smoke_chg_abst_1_1,-1
questionnaire,smoke_chg_abst_1_1,-3
questionnaire,smoke_chg_abst_2_1,1
questionnaire,smoke_chg_abst_2_1,0
questionnaire,smoke_chg_abst_2_1,-1
questionnaire,smoke_chg_abst_2_1,-3
questionnaire,smoke_chg_abst_reason_1_m,1
questionnaire,smoke_chg_abst_reason_1_m,2
questionnaire,smoke_chg_abst_reason_1_m,3
questionnaire,smoke_chg_abst_reason_1_m,4
questionnaire,smoke_chg_abst_reason_1_m,5
questionnaire,smoke_chg_abst_reason_1_m,6
questionnaire,smoke_chg_abst_reason_1_m,7
questionnaire,smoke_chg_abst_reason_1_m,8
questionnaire,smoke_chg_abst_reason_1_m,9
questionnaire,smoke_chg_abst_reason_1_m,10
questionnaire,smoke_chg_abst_reason_1_m,11
questionnaire,smoke_chg_abst_reason_1_m,12
questionnaire,smoke_chg_abst_reason_1_m,13
questionnaire,smoke_chg_abst_reason_1_m,14
questionnaire,smoke_chg_abst_reason_1_m,15
questionnaire,smoke_chg_abst_reason_1_m,16
questionnaire,smoke_chg_abst_reason_1_m,-7
questionnaire,smoke_chg_abst_reason_1_m,-1
questionnaire,smoke_chg_abst_reason_1_m,-3
questionnaire,smoke_chg_reduce_abst_1_1,1
questionnaire,smoke_chg_reduce_abst_1_1,0
questionnaire,smoke_chg_reduce_abst_1_1,-1
questionnaire,smoke_chg_reduce_abst_1_1,-3
questionnaire,smoke_chg_reduce_abst_reason_1_m,1
questionnaire,smoke_chg_reduce_abst_reason_1_m,2
questionnaire,smoke_chg_reduce_abst_reason_1_m,3
questionnaire,smoke_chg_reduce_abst_reason_1_m,4
questionnaire,smoke_chg_reduce_abst_reason_1_m,5
questionnaire,smoke_chg_reduce_abst_reason_1_m,6
questionnaire,smoke_chg_reduce_abst_reason_1_m,7
questionnaire,smoke_chg_reduce_abst_reason_1_m,8
questionnaire,smoke_chg_reduce_abst_reason_1_m,9
questionnaire,smoke_chg_reduce_abst_reason_1_m,10
questionnaire,smoke_chg_reduce_abst_reason_1_m,11
questionnaire,smoke_chg_reduce_abst_reason_1_m,12
questionnaire,smoke_chg_reduce_abst_reason_1_m,13
questionnaire,smoke_chg_reduce_abst_reason_1_m,14
questionnaire,smoke_chg_reduce_abst_reason_1_m,15
questionnaire,smoke_chg_reduce_abst_reason_1_m,16
questionnaire,smoke_chg_reduce_abst_reason_1_m,-7
questionnaire,smoke_chg_reduce_abst_reason_1_m,-1
questionnaire,smoke_chg_reduce_abst_reason_1_m,-3
questionnaire,smoke_chg_reduce_reason_1_m,1
questionnaire,smoke_chg_reduce_reason_1_m,2
questionnaire,smoke_chg_reduce_reason_1_m,3
questionnaire,smoke_chg_reduce_reason_1_m,4
questionnaire,smoke_chg_reduce_reason_1_m,-7
questionnaire,smoke_chg_reduce_reason_1_m,-1
questionnaire,smoke_chg_reduce_reason_1_m,-3
questionnaire,smoke_chg_reduce_reason_2_m,1
questionnaire,smoke_chg_reduce_reason_2_m,2
questionnaire,smoke_chg_reduce_reason_2_m,3
questionnaire,smoke_chg_reduce_reason_2_m,4
questionnaire,smoke_chg_reduce_reason_2_m,5
questionnaire,smoke_chg_reduce_reason_2_m,6
questionnaire,smoke_chg_reduce_reason_2_m,7
questionnaire,smoke_chg_reduce_reason_2_m,8
questionnaire,smoke_chg_reduce_reason_2_m,9
questionnaire,smoke_chg_reduce_reason_2_m,10
questionnaire,smoke_chg_reduce_reason_2_m,11
questionnaire,smoke_chg_reduce_reason_2_m,12
questionnaire,smoke_chg_reduce_reason_2_m,13
questionnaire,smoke_chg_reduce_reason_2_m,14
questionnaire,smoke_chg_reduce_reason_2_m,15
questionnaire,smoke_chg_reduce_reason_2_m,16
questionnaire,smoke_chg_reduce_reason_2_m,-7
questionnaire,smoke_chg_reduce_reason_2_m,-1
questionnaire,smoke_chg_reduce_reason_2_m,-3
questionnaire,smoke_expose_house_hrs_1_1,-1
questionnaire,smoke_expose_house_hrs_1_1,-3
questionnaire,smoke_expose_outside_hrs_1_1,-1
questionnaire,smoke_expose_outside_hrs_1_1,-3
questionnaire,smoke_exposure_1_1,1
questionnaire,smoke_exposure_1_1,2
questionnaire,smoke_exposure_1_1,3
questionnaire,smoke_exposure_1_1,5
questionnaire,smoke_exposure_1_1,6
questionnaire,smoke_exposure_1_1,0
questionnaire,smoke_exposure_1_1,-3
questionnaire,smoke_exposure_hrs_1_1,0
questionnaire,smoke_exposure_hrs_1_1,1
questionnaire,smoke_exposure_hrs_1_1,2
questionnaire,smoke_exposure_hrs_1_1,3
questionnaire,smoke_exposure_hrs_1_1,4
questionnaire,smoke_exposure_hrs_1_1,5
questionnaire,smoke_exposure_hrs_1_1,-3
questionnaire,smoke_first_age_1_1,-1
questionnaire,smoke_first_age_1_1,-3
questionnaire,smoke_first_age_2_1,-1
questionnaire,smoke_first_age_2_1,-3
questionnaire,smoke_house_1_1,1
questionnaire,smoke_house_1_1,2
questionnaire,smoke_house_1_1,0
questionnaire,smoke_house_1_1,-3
questionnaire,smoke_prev_age_1_1,-1
questionnaire,smoke_prev_age_1_1,-3
questionnaire,smoke_prev_age_2_1,-1
questionnaire,smoke_prev_age_2_1,-3
questionnaire,smoke_prev_reduce_reason_1_m,1
questionnaire,smoke_prev_reduce_reason_1_m,2
questionnaire,smoke_prev_reduce_reason_1_m,3
questionnaire,smoke_prev_reduce_reason_1_m,4
questionnaire,smoke_prev_reduce_reason_1_m,-7
questionnaire,smoke_prev_reduce_reason_1_m,-1
questionnaire,smoke_prev_reduce_reason_1_m,-3
questionnaire,smoke_prev_reduce_reason_2_m,1
questionnaire,smoke_prev_reduce_reason_2_m,2
questionnaire,smoke_prev_reduce_reason_2_m,3
questionnaire,smoke_prev_reduce_reason_2_m,4
questionnaire,smoke_prev_reduce_reason_2_m,5
questionnaire,smoke_prev_reduce_reason_2_m,6
questionnaire,smoke_prev_reduce_reason_2_m,7
questionnaire,smoke_prev_reduce_reason_2_m,8
questionnaire,smoke_prev_reduce_reason_2_m,9
questionnaire,smoke_prev_reduce_reason_2_m,10
questionnaire,smoke_prev_reduce_reason_2_m,11
questionnaire,smoke_prev_reduce_reason_2_m,12
questionnaire,smoke_prev_reduce_reason_2_m,13
questionnaire,smoke_prev_reduce_reason_2_m,14
questionnaire,smoke_prev_reduce_reason_2_m,15
questionnaire,smoke_prev_reduce_reason_2_m,16
questionnaire,smoke_prev_reduce_reason_2_m,-7
questionnaire,smoke_prev_reduce_reason_2_m,-1
questionnaire,smoke_prev_reduce_reason_2_m,-3
questionnaire,smoke_prev_reg_1_1,1
questionnaire,smoke_prev_reg_1_1,0
questionnaire,smoke_prev_reg_1_1,-3
questionnaire,smoke_prev_reg_2_1,1
questionnaire,smoke_prev_reg_2_1,0
questionnaire,smoke_prev_reg_2_1,-3
questionnaire,smoke_prev_type_1_1,1
questionnaire,smoke_prev_type_1_1,2
questionnaire,smoke_prev_type_1_1,3
questionnaire,smoke_prev_type_1_1,-7
questionnaire,smoke_prev_type_1_1,-3
questionnaire,smoke_reg_1_m,0
questionnaire,smoke_reg_1_m,1
questionnaire,smoke_reg_1_m,2
questionnaire,smoke_reg_1_m,3
questionnaire,smoke_reg_1_m,4
questionnaire,smoke_reg_1_m,5
questionnaire,smoke_reg_1_m,6
questionnaire,smoke_reg_1_m,-3
questionnaire,smoke_reg_day_1_1,-10
questionnaire,smoke_reg_day_1_1,-1
questionnaire,smoke_reg_day_1_1,-3
questionnaire,smoke_reg_day_2_1,-10
questionnaire,smoke_reg_day_2_1,-1
questionnaire,smoke_reg_day_2_1,-3
questionnaire,smoke_reg_first_age_1_1,-1
questionnaire,smoke_reg_first_age_1_1,-3
questionnaire,smoke_reg_first_age_2_1,-1
questionnaire,smoke_reg_first_age_2_1,-3
questionnaire,smoke_reg_type_1_1,1
questionnaire,smoke_reg_type_1_1,2
questionnaire,smoke_reg_type_1_1,3
questionnaire,smoke_reg_type_1_1,-7
questionnaire,smoke_reg_type_1_1,-3
questionnaire,smoke_reg_type_2_1,1
questionnaire,smoke_reg_type_2_1,2
questionnaire,smoke_reg_type_2_1,-7
questionnaire,smoke_reg_type_2_1,-3
questionnaire,smoke_status_1_1,1
questionnaire,smoke_status_1_1,2
questionnaire,smoke_status_1_1,0
questionnaire,smoke_status_1_1,-3
questionnaire,smoke_status_2_1,1
questionnaire,smoke_status_2_1,2
questionnaire,smoke_status_2_1,3
questionnaire,smoke_status_2_1,0
questionnaire,smoke_status_2_1,-3
questionnaire,smoke_tobacco_age_1_1,-999
questionnaire,smoke_tobacco_age_1_1,-1
questionnaire,smoke_tobacco_age_1_1,-3
questionnaire,smoke_tobacco_prev_1_1,1
questionnaire,smoke_tobacco_prev_1_1,2
questionnaire,smoke_tobacco_prev_1_1,3
questionnaire,smoke_tobacco_prev_1_1,4
questionnaire,smoke_tobacco_prev_1_1,-3
questionnaire,smoke_tobacco_type_1_m,0
questionnaire,smoke_tobacco_type_1_m,1
questionnaire,smoke_tobacco_type_1_m,2
questionnaire,smoke_tobacco_type_1_m,3
questionnaire,smoke_tobacco_type_1_m,4
questionnaire,smoke_tobacco_type_1_m,5
questionnaire,smoke_tobacco_type_1_m,6
questionnaire,smoke_tobacco_type_1_m,-3
questionnaire,smoke_vape_1_1,1
questionnaire,smoke_vape_1_1,0
questionnaire,smoke_vape_1_1,-3
questionnaire,smoke_vape_age_1_1,-1
questionnaire,smoke_vape_age_1_1,-3
questionnaire,smoke_vape_age_2_1,-1
questionnaire,smoke_vape_age_2_1,-3
questionnaire,smoke_vape_avg_1_1,1
questionnaire,smoke_vape_avg_1_1,2
questionnaire,smoke_vape_avg_1_1,3
questionnaire,smoke_vape_avg_1_1,4
questionnaire,smoke_vape_avg_1_1,5
questionnaire,smoke_vape_avg_1_1,6
questionnaire,smoke_vape_avg_1_1,7
questionnaire,smoke_vape_avg_1_1,8
questionnaire,smoke_vape_avg_1_1,9
questionnaire,smoke_vape_avg_1_1,10
questionnaire,smoke_vape_avg_1_1,11
questionnaire,smoke_vape_avg_1_1,-3
questionnaire,smoke_vape_avg_2_1,1
questionnaire,smoke_vape_avg_2_1,2
questionnaire,smoke_vape_avg_2_1,3
questionnaire,smoke_vape_avg_2_1,4
questionnaire,smoke_vape_avg_2_1,5
questionnaire,smoke_vape_avg_2_1,6
questionnaire,smoke_vape_avg_2_1,7
questionnaire,smoke_vape_avg_2_1,8
questionnaire,smoke_vape_avg_2_1,9
questionnaire,smoke_vape_avg_2_1,10
questionnaire,smoke_vape_avg_2_1,11
questionnaire,smoke_vape_avg_2_1,-3
questionnaire,smoke_vape_type_1_m,1
questionnaire,smoke_vape_type_1_m,2
questionnaire,smoke_vape_type_1_m,3
questionnaire,smoke_vape_type_1_m,4
questionnaire,smoke_vape_type_1_m,5
questionnaire,smoke_vape_type_1_m,6
questionnaire,smoke_vape_type_1_m,7
questionnaire,smoke_vape_type_1_m,8
questionnaire,smoke_vape_type_1_m,9
questionnaire,smoke_vape_type_1_m,-3
questionnaire,smoke_vape_type_2_m,1
questionnaire,smoke_vape_type_2_m,2
questionnaire,smoke_vape_type_2_m,3
questionnaire,smoke_vape_type_2_m,4
questionnaire,smoke_vape_type_2_m,5
questionnaire,smoke_vape_type_2_m,6
questionnaire,smoke_vape_type_2_m,7
questionnaire,smoke_vape_type_2_m,8
questionnaire,smoke_vape_type_2_m,9
questionnaire,smoke_vape_type_2_m,-3
questionnaire,smoke_vape_use_1_1,1
questionnaire,smoke_vape_use_1_1,2
questionnaire,smoke_vape_use_1_1,3
questionnaire,smoke_vape_use_1_1,4
questionnaire,smoke_vape_use_1_1,5
questionnaire,smoke_vape_use_1_1,-3
questionnaire,smoke_vape_use_2_1,1
questionnaire,smoke_vape_use_2_1,2
questionnaire,smoke_vape_use_2_1,3
questionnaire,smoke_vape_use_2_1,4
questionnaire,smoke_vape_use_2_1,5
questionnaire,smoke_vape_use_2_1,-3
questionnaire,adoption_status_1_1,1
questionnaire,adoption_status_1_1,0
questionnaire,adoption_status_1_1,-1
questionnaire,adoption_status_1_1,-3
questionnaire,birth_place_1_1,1
questionnaire,birth_place_1_1,2
questionnaire,birth_place_1_1,3
questionnaire,birth_place_1_1,4
questionnaire,birth_place_1_1,5
questionnaire,birth_place_1_1,6
questionnaire,birth_place_1_1,7
questionnaire,birth_place_1_1,8
questionnaire,birth_place_1_1,9
questionnaire,birth_place_1_1,10
questionnaire,birth_place_1_1,-1
questionnaire,birth_place_1_1,-3
questionnaire,father_age_1_1,-1
questionnaire,father_age_1_1,-3
questionnaire,father_age_deceased_1_1,-1
questionnaire,father_age_deceased_1_1,-3
questionnaire,father_alive_1_1,1
questionnaire,father_alive_1_1,0
questionnaire,father_alive_1_1,-1
questionnaire,father_alive_1_1,-3
questionnaire,father_diag_a_1_m,1
questionnaire,father_diag_a_1_m,2
questionnaire,father_diag_a_1_m,8
questionnaire,father_diag_a_1_m,9
questionnaire,father_diag_a_1_m,6
questionnaire,father_diag_a_1_m,10
questionnaire,father_diag_a_1_m,14
questionnaire,father_diag_a_1_m,15
questionnaire,father_diag_a_1_m,-7
questionnaire,father_diag_a_1_m,-1
questionnaire,father_diag_a_1_m,-3
questionnaire,father_diag_a_2_m,1
questionnaire,father_diag_a_2_m,2
questionnaire,father_diag_a_2_m,3
questionnaire,father_diag_a_2_m,4
questionnaire,father_diag_a_2_m,5
questionnaire,father_diag_a_2_m,6
questionnaire,father_diag_a_2_m,7
questionnaire,father_diag_a_2_m,8
questionnaire,father_diag_a_2_m,9
questionnaire,father_diag_a_2_m,10
questionnaire,father_diag_a_2_m,11
questionnaire,father_diag_a_2_m,12
questionnaire,father_diag_a_2_m,13
questionnaire,father_diag_a_2_m,14
questionnaire,father_diag_a_2_m,15
questionnaire,father_diag_a_2_m,-7
questionnaire,father_diag_a_2_m,-1
questionnaire,father_diag_a_2_m,-3
questionnaire,father_diag_anaemia_1_m,1
questionnaire,father_diag_anaemia_1_m,2
questionnaire,father_diag_anaemia_1_m,3
questionnaire,father_diag_anaemia_1_m,4
questionnaire,father_diag_anaemia_1_m,5
questionnaire,father_diag_anaemia_1_m,6
questionnaire,father_diag_anaemia_1_m,-7
questionnaire,father_diag_anaemia_1_m,-1
questionnaire,father_diag_anaemia_1_m,-3
questionnaire,father_diag_auto_1_m,1
questionnaire,father_diag_auto_1_m,2
questionnaire,father_diag_auto_1_m,3
questionnaire,father_diag_auto_1_m,4
questionnaire,father_diag_auto_1_m,5
questionnaire,father_diag_auto_1_m,6
questionnaire,father_diag_auto_1_m,7
questionnaire,father_diag_auto_1_m,8
questionnaire,father_diag_auto_1_m,-7
questionnaire,father_diag_auto_1_m,-1
questionnaire,father_diag_auto_1_m,-3
questionnaire,father_diag_b_1_m,11
questionnaire,father_diag_b_1_m,12
questionnaire,father_diag_b_1_m,3
questionnaire,father_diag_b_1_m,4
questionnaire,father_diag_b_1_m,13
questionnaire,father_diag_b_1_m,16
questionnaire,father_diag_b_1_m,17
questionnaire,father_diag_b_1_m,-7
questionnaire,father_diag_b_1_m,-1
questionnaire,father_diag_b_1_m,-3
questionnaire,father_diag_cancer_1_m,1
questionnaire,father_diag_cancer_1_m,2
questionnaire,father_diag_cancer_1_m,3
questionnaire,father_diag_cancer_1_m,4
questionnaire,father_diag_cancer_1_m,6
questionnaire,father_diag_cancer_1_m,7
questionnaire,father_diag_cancer_1_m,8
questionnaire,father_diag_cancer_1_m,9
questionnaire,father_diag_cancer_1_m,10
questionnaire,father_diag_cancer_1_m,11
questionnaire,father_diag_cancer_1_m,12
questionnaire,father_diag_cancer_1_m,13
questionnaire,father_diag_cancer_1_m,14
questionnaire,father_diag_cancer_1_m,16
questionnaire,father_diag_cancer_1_m,17
questionnaire,father_diag_cancer_1_m,18
questionnaire,father_diag_cancer_1_m,19
questionnaire,father_diag_cancer_1_m,20
questionnaire,father_diag_cancer_1_m,21
questionnaire,father_diag_cancer_1_m,23
questionnaire,father_diag_cancer_1_m,-1
questionnaire,father_diag_cancer_1_m,-7
questionnaire,father_diag_cancer_1_m,-3
questionnaire,father_diag_cancer_skin_1_m,1
questionnaire,father_diag_cancer_skin_1_m,2
questionnaire,father_diag_cancer_skin_1_m,3
questionnaire,father_diag_cancer_skin_1_m,-7
questionnaire,father_diag_cancer_skin_1_m,-1
questionnaire,father_diag_cancer_skin_1_m,-3
questionnaire,father_diag_cvd_1_m,1
questionnaire,father_diag_cvd_1_m,2
questionnaire,father_diag_cvd_1_m,3
questionnaire,father_diag_cvd_1_m,4
questionnaire,father_diag_cvd_1_m,5
questionnaire,father_diag_cvd_1_m,6
questionnaire,father_diag_cvd_1_m,7
questionnaire,father_diag_cvd_1_m,8
questionnaire,father_diag_cvd_1_m,9
questionnaire,father_diag_cvd_1_m,10
questionnaire,father_diag_cvd_1_m,11
questionnaire,father_diag_cvd_1_m,12
questionnaire,father_diag_cvd_1_m,-7
questionnaire,father_diag_cvd_1_m,-1
questionnaire,father_diag_cvd_1_m,-3
questionnaire,father_diag_endocr_1_m,1
questionnaire,father_diag_endocr_1_m,2
questionnaire,father_diag_endocr_1_m,3
questionnaire,father_diag_endocr_1_m,4
questionnaire,father_diag_endocr_1_m,5
questionnaire,father_diag_endocr_1_m,6
questionnaire,father_diag_endocr_1_m,7
questionnaire,father_diag_endocr_1_m,8
questionnaire,father_diag_endocr_1_m,9
questionnaire,father_diag_endocr_1_m,10
questionnaire,father_diag_endocr_1_m,-7
questionnaire,father_diag_endocr_1_m,-1
questionnaire,father_diag_endocr_1_m,-3
questionnaire,father_diag_gastro_1_m,1
questionnaire,father_diag_gastro_1_m,2
questionnaire,father_diag_gastro_1_m,3
questionnaire,father_diag_gastro_1_m,4
questionnaire,father_diag_gastro_1_m,5
questionnaire,father_diag_gastro_1_m,6
questionnaire,father_diag_gastro_1_m,7
questionnaire,father_diag_gastro_1_m,8
questionnaire,father_diag_gastro_1_m,9
questionnaire,father_diag_gastro_1_m,10
questionnaire,father_diag_gastro_1_m,11
questionnaire,father_diag_gastro_1_m,12
questionnaire,father_diag_gastro_1_m,13
questionnaire,father_diag_gastro_1_m,-7
questionnaire,father_diag_gastro_1_m,-1
questionnaire,father_diag_gastro_1_m,-3
questionnaire,father_diag_neuro_1_m,1
questionnaire,father_diag_neuro_1_m,2
questionnaire,father_diag_neuro_1_m,3
questionnaire,father_diag_neuro_1_m,4
questionnaire,father_diag_neuro_1_m,5
questionnaire,father_diag_neuro_1_m,6
questionnaire,father_diag_neuro_1_m,7
questionnaire,father_diag_neuro_1_m,8
questionnaire,father_diag_neuro_1_m,-7
questionnaire,father_diag_neuro_1_m,-1
questionnaire,father_diag_neuro_1_m,-3
questionnaire,father_diag_neuro_dev_1_m,1
questionnaire,father_diag_neuro_dev_1_m,2
questionnaire,father_diag_neuro_dev_1_m,3
questionnaire,father_diag_neuro_dev_1_m,4
questionnaire,father_diag_neuro_dev_1_m,5
questionnaire,father_diag_neuro_dev_1_m,6
questionnaire,father_diag_neuro_dev_1_m,7
questionnaire,father_diag_neuro_dev_1_m,8
questionnaire,father_diag_neuro_dev_1_m,-7
questionnaire,father_diag_neuro_dev_1_m,-1
questionnaire,father_diag_neuro_dev_1_m,-3
questionnaire,father_diag_opthal_1_m,1
questionnaire,father_diag_opthal_1_m,2
questionnaire,father_diag_opthal_1_m,3
questionnaire,father_diag_opthal_1_m,4
questionnaire,father_diag_opthal_1_m,5
questionnaire,father_diag_opthal_1_m,6
questionnaire,father_diag_opthal_1_m,7
questionnaire,father_diag_opthal_1_m,8
questionnaire,father_diag_opthal_1_m,9
questionnaire,father_diag_opthal_1_m,10
questionnaire,father_diag_opthal_1_m,-7
questionnaire,father_diag_opthal_1_m,-1
questionnaire,father_diag_opthal_1_m,-3
questionnaire,father_diag_osteo_1_m,1
questionnaire,father_diag_osteo_1_m,2
questionnaire,father_diag_osteo_1_m,3
questionnaire,father_diag_osteo_1_m,4
questionnaire,father_diag_osteo_1_m,5
questionnaire,father_diag_osteo_1_m,-7
questionnaire,father_diag_osteo_1_m,-1
questionnaire,father_diag_osteo_1_m,-3
questionnaire,father_diag_psych_1_m,1
questionnaire,father_diag_psych_1_m,2
questionnaire,father_diag_psych_1_m,3
questionnaire,father_diag_psych_1_m,4
questionnaire,father_diag_psych_1_m,6
questionnaire,father_diag_psych_1_m,7
questionnaire,father_diag_psych_1_m,8
questionnaire,father_diag_psych_1_m,9
questionnaire,father_diag_psych_1_m,10
questionnaire,father_diag_psych_1_m,11
questionnaire,father_diag_psych_1_m,12
questionnaire,father_diag_psych_1_m,13
questionnaire,father_diag_psych_1_m,-7
questionnaire,father_diag_psych_1_m,-1
questionnaire,father_diag_psych_1_m,-3
questionnaire,father_diag_psych_anx_1_m,1
questionnaire,father_diag_psych_anx_1_m,2
questionnaire,father_diag_psych_anx_1_m,3
questionnaire,father_diag_psych_anx_1_m,4
questionnaire,father_diag_psych_anx_1_m,5
questionnaire,father_diag_psych_anx_1_m,6
questionnaire,father_diag_psych_anx_1_m,7
questionnaire,father_diag_psych_anx_1_m,-7
questionnaire,father_diag_psych_anx_1_m,-1
questionnaire,father_diag_psych_anx_1_m,-3
questionnaire,father_diag_psych_depr_1_m,1
questionnaire,father_diag_psych_depr_1_m,2
questionnaire,father_diag_psych_depr_1_m,3
questionnaire,father_diag_psych_depr_1_m,4
questionnaire,father_diag_psych_depr_1_m,-7
questionnaire,father_diag_psych_depr_1_m,-1
questionnaire,father_diag_psych_depr_1_m,-3
questionnaire,father_diag_psych_eat_1_m,1
questionnaire,father_diag_psych_eat_1_m,2
questionnaire,father_diag_psych_eat_1_m,3
questionnaire,father_diag_psych_eat_1_m,4
questionnaire,father_diag_psych_eat_1_m,5
questionnaire,father_diag_psych_eat_1_m,-7
questionnaire,father_diag_psych_eat_1_m,-1
questionnaire,father_diag_psych_eat_1_m,-3
questionnaire,father_diag_repro_1_m,3
questionnaire,father_diag_repro_1_m,4
questionnaire,father_diag_repro_1_m,5
questionnaire,father_diag_repro_1_m,6
questionnaire,father_diag_repro_1_m,-7
questionnaire,father_diag_repro_1_m,-1
questionnaire,father_diag_repro_1_m,-3
questionnaire,father_diag_resp_1_m,1
questionnaire,father_diag_resp_1_m,2
questionnaire,father_diag_resp_1_m,3
questionnaire,father_diag_resp_1_m,4
questionnaire,father_diag_resp_1_m,5
questionnaire,father_diag_resp_1_m,6
questionnaire,father_diag_resp_1_m,-7
questionnaire,father_diag_resp_1_m,-1
questionnaire,father_diag_resp_1_m,-3
questionnaire,father_diag_urol_1_m,1
questionnaire,father_diag_urol_1_m,2
questionnaire,father_diag_urol_1_m,3
questionnaire,father_diag_urol_1_m,-7
questionnaire,father_diag_urol_1_m,-1
questionnaire,father_diag_urol_1_m,-3
questionnaire,immigrate_uk_yr_1_1,-999
questionnaire,immigrate_uk_yr_1_1,-1
questionnaire,immigrate_uk_yr_1_1,-3
questionnaire,mother_age_1_1,-1
questionnaire,mother_age_1_1,-3
questionnaire,mother_age_deceased_1_1,-1
questionnaire,mother_age_deceased_1_1,-3
questionnaire,mother_alive_1_1,1
questionnaire,mother_alive_1_1,0
questionnaire,mother_alive_1_1,-1
questionnaire,mother_alive_1_1,-3
questionnaire,mother_diag_a_1_m,1
questionnaire,mother_diag_a_1_m,2
questionnaire,mother_diag_a_1_m,8
questionnaire,mother_diag_a_1_m,9
questionnaire,mother_diag_a_1_m,6
questionnaire,mother_diag_a_1_m,10
questionnaire,mother_diag_a_1_m,14
questionnaire,mother_diag_a_1_m,15
questionnaire,mother_diag_a_1_m,-7
questionnaire,mother_diag_a_1_m,-1
questionnaire,mother_diag_a_1_m,-3
questionnaire,mother_diag_a_2_m,1
questionnaire,mother_diag_a_2_m,2
questionnaire,mother_diag_a_2_m,3
questionnaire,mother_diag_a_2_m,4
questionnaire,mother_diag_a_2_m,5
questionnaire,mother_diag_a_2_m,6
questionnaire,mother_diag_a_2_m,7
questionnaire,mother_diag_a_2_m,8
questionnaire,mother_diag_a_2_m,9
questionnaire,mother_diag_a_2_m,10
questionnaire,mother_diag_a_2_m,11
questionnaire,mother_diag_a_2_m,12
questionnaire,mother_diag_a_2_m,13
questionnaire,mother_diag_a_2_m,14
questionnaire,mother_diag_a_2_m,15
questionnaire,mother_diag_a_2_m,-7
questionnaire,mother_diag_a_2_m,-1
questionnaire,mother_diag_a_2_m,-3
questionnaire,mother_diag_anaemia_1_m,1
questionnaire,mother_diag_anaemia_1_m,2
questionnaire,mother_diag_anaemia_1_m,3
questionnaire,mother_diag_anaemia_1_m,4
questionnaire,mother_diag_anaemia_1_m,5
questionnaire,mother_diag_anaemia_1_m,6
questionnaire,mother_diag_anaemia_1_m,-7
questionnaire,mother_diag_anaemia_1_m,-1
questionnaire,mother_diag_anaemia_1_m,-3
questionnaire,mother_diag_auto_1_m,1
questionnaire,mother_diag_auto_1_m,2
questionnaire,mother_diag_auto_1_m,3
questionnaire,mother_diag_auto_1_m,4
questionnaire,mother_diag_auto_1_m,5
questionnaire,mother_diag_auto_1_m,6
questionnaire,mother_diag_auto_1_m,7
questionnaire,mother_diag_auto_1_m,8
questionnaire,mother_diag_auto_1_m,-7
questionnaire,mother_diag_auto_1_m,-1
questionnaire,mother_diag_auto_1_m,-3
questionnaire,mother_diag_b_1_m,11
questionnaire,mother_diag_b_1_m,12
questionnaire,mother_diag_b_1_m,3
questionnaire,mother_diag_b_1_m,4
questionnaire,mother_diag_b_1_m,5
questionnaire,mother_diag_b_1_m,18
questionnaire,mother_diag_b_1_m,16
questionnaire,mother_diag_b_1_m,17
questionnaire,mother_diag_b_1_m,-7
questionnaire,mother_diag_b_1_m,-1
questionnaire,mother_diag_b_1_m,-3
questionnaire,mother_diag_cancer_1_m,1
questionnaire,mother_diag_cancer_1_m,2
questionnaire,mother_diag_cancer_1_m,3
questionnaire,mother_diag_cancer_1_m,4
questionnaire,mother_diag_cancer_1_m,5
questionnaire,mother_diag_cancer_1_m,6
questionnaire,mother_diag_cancer_1_m,7
questionnaire,mother_diag_cancer_1_m,8
questionnaire,mother_diag_cancer_1_m,9
questionnaire,mother_diag_cancer_1_m,10
questionnaire,mother_diag_cancer_1_m,11
questionnaire,mother_diag_cancer_1_m,12
questionnaire,mother_diag_cancer_1_m,13
questionnaire,mother_diag_cancer_1_m,14
questionnaire,mother_diag_cancer_1_m,15
questionnaire,mother_diag_cancer_1_m,16
questionnaire,mother_diag_cancer_1_m,18
questionnaire,mother_diag_cancer_1_m,19
questionnaire,mother_diag_cancer_1_m,21
questionnaire,mother_diag_cancer_1_m,22
questionnaire,mother_diag_cancer_1_m,23
questionnaire,mother_diag_cancer_1_m,-1
questionnaire,mother_diag_cancer_1_m,-7
questionnaire,mother_diag_cancer_1_m,-3
questionnaire,mother_diag_cancer_skin_1_m,1
questionnaire,mother_diag_cancer_skin_1_m,2
questionnaire,mother_diag_cancer_skin_1_m,3
questionnaire,mother_diag_cancer_skin_1_m,-7
questionnaire,mother_diag_cancer_skin_1_m,-1
questionnaire,mother_diag_cancer_skin_1_m,-3
questionnaire,mother_diag_cvd_1_m,1
questionnaire,mother_diag_cvd_1_m,2
questionnaire,mother_diag_cvd_1_m,3
questionnaire,mother_diag_cvd_1_m,4
questionnaire,mother_diag_cvd_1_m,5
questionnaire,mother_diag_cvd_1_m,6
questionnaire,mother_diag_cvd_1_m,7
questionnaire,mother_diag_cvd_1_m,8
questionnaire,mother_diag_cvd_1_m,9
questionnaire,mother_diag_cvd_1_m,10
questionnaire,mother_diag_cvd_1_m,11
questionnaire,mother_diag_cvd_1_m,12
questionnaire,mother_diag_cvd_1_m,-7
questionnaire,mother_diag_cvd_1_m,-1
questionnaire,mother_diag_cvd_1_m,-3
questionnaire,mother_diag_endocr_1_m,1
questionnaire,mother_diag_endocr_1_m,2
questionnaire,mother_diag_endocr_1_m,3
questionnaire,mother_diag_endocr_1_m,4
questionnaire,mother_diag_endocr_1_m,5
questionnaire,mother_diag_endocr_1_m,6
questionnaire,mother_diag_endocr_1_m,7
questionnaire,mother_diag_endocr_1_m,8
questionnaire,mother_diag_endocr_1_m,9
questionnaire,mother_diag_endocr_1_m,10
questionnaire,mother_diag_endocr_1_m,-7
questionnaire,mother_diag_endocr_1_m,-1
questionnaire,mother_diag_endocr_1_m,-3
questionnaire,mother_diag_gastro_1_m,1
questionnaire,mother_diag_gastro_1_m,2
questionnaire,mother_diag_gastro_1_m,3
questionnaire,mother_diag_gastro_1_m,4
questionnaire,mother_diag_gastro_1_m,5
questionnaire,mother_diag_gastro_1_m,6
questionnaire,mother_diag_gastro_1_m,7
questionnaire,mother_diag_gastro_1_m,8
questionnaire,mother_diag_gastro_1_m,9
questionnaire,mother_diag_gastro_1_m,10
questionnaire,mother_diag_gastro_1_m,11
questionnaire,mother_diag_gastro_1_m,12
questionnaire,mother_diag_gastro_1_m,13
questionnaire,mother_diag_gastro_1_m,-7
questionnaire,mother_diag_gastro_1_m,-1
questionnaire,mother_diag_gastro_1_m,-3
questionnaire,mother_diag_neuro_1_m,1
questionnaire,mother_diag_neuro_1_m,2
questionnaire,mother_diag_neuro_1_m,3
questionnaire,mother_diag_neuro_1_m,4
questionnaire,mother_diag_neuro_1_m,5
questionnaire,mother_diag_neuro_1_m,6
questionnaire,mother_diag_neuro_1_m,7
questionnaire,mother_diag_neuro_1_m,8
questionnaire,mother_diag_neuro_1_m,-7
questionnaire,mother_diag_neuro_1_m,-1
questionnaire,mother_diag_neuro_1_m,-3
questionnaire,mother_diag_neuro_dev_1_m,1
questionnaire,mother_diag_neuro_dev_1_m,2
questionnaire,mother_diag_neuro_dev_1_m,3
questionnaire,mother_diag_neuro_dev_1_m,4
questionnaire,mother_diag_neuro_dev_1_m,5
questionnaire,mother_diag_neuro_dev_1_m,6
questionnaire,mother_diag_neuro_dev_1_m,7
questionnaire,mother_diag_neuro_dev_1_m,8
questionnaire,mother_diag_neuro_dev_1_m,-7
questionnaire,mother_diag_neuro_dev_1_m,-1
questionnaire,mother_diag_neuro_dev_1_m,-3
questionnaire,mother_diag_opthal_1_m,1
questionnaire,mother_diag_opthal_1_m,2
questionnaire,mother_diag_opthal_1_m,3
questionnaire,mother_diag_opthal_1_m,4
questionnaire,mother_diag_opthal_1_m,5
questionnaire,mother_diag_opthal_1_m,6
questionnaire,mother_diag_opthal_1_m,7
questionnaire,mother_diag_opthal_1_m,8
questionnaire,mother_diag_opthal_1_m,9
questionnaire,mother_diag_opthal_1_m,10
questionnaire,mother_diag_opthal_1_m,-7
questionnaire,mother_diag_opthal_1_m,-1
questionnaire,mother_diag_opthal_1_m,-3
questionnaire,mother_diag_osteo_1_m,1
questionnaire,mother_diag_osteo_1_m,2
questionnaire,mother_diag_osteo_1_m,3
questionnaire,mother_diag_osteo_1_m,4
questionnaire,mother_diag_osteo_1_m,5
questionnaire,mother_diag_osteo_1_m,-7
questionnaire,mother_diag_osteo_1_m,-1
questionnaire,mother_diag_osteo_1_m,-3
questionnaire,mother_diag_psych_1_m,1
questionnaire,mother_diag_psych_1_m,2
questionnaire,mother_diag_psych_1_m,3
questionnaire,mother_diag_psych_1_m,4
questionnaire,mother_diag_psych_1_m,5
questionnaire,mother_diag_psych_1_m,6
questionnaire,mother_diag_psych_1_m,7
questionnaire,mother_diag_psych_1_m,8
questionnaire,mother_diag_psych_1_m,9
questionnaire,mother_diag_psych_1_m,10
questionnaire,mother_diag_psych_1_m,11
questionnaire,mother_diag_psych_1_m,12
questionnaire,mother_diag_psych_1_m,13
questionnaire,mother_diag_psych_1_m,-7
questionnaire,mother_diag_psych_1_m,-1
questionnaire,mother_diag_psych_1_m,-3
questionnaire,mother_diag_psych_anx_1_m,1
questionnaire,mother_diag_psych_anx_1_m,2
questionnaire,mother_diag_psych_anx_1_m,3
questionnaire,mother_diag_psych_anx_1_m,4
questionnaire,mother_diag_psych_anx_1_m,5
questionnaire,mother_diag_psych_anx_1_m,6
questionnaire,mother_diag_psych_anx_1_m,7
questionnaire,mother_diag_psych_anx_1_m,-7
questionnaire,mother_diag_psych_anx_1_m,-1
questionnaire,mother_diag_psych_anx_1_m,-3
questionnaire,mother_diag_psych_depr_1_m,1
questionnaire,mother_diag_psych_depr_1_m,2
questionnaire,mother_diag_psych_depr_1_m,3
questionnaire,mother_diag_psych_depr_1_m,4
questionnaire,mother_diag_psych_depr_1_m,-7
questionnaire,mother_diag_psych_depr_1_m,-1
questionnaire,mother_diag_psych_depr_1_m,-3
questionnaire,mother_diag_psych_eat_1_m,1
questionnaire,mother_diag_psych_eat_1_m,2
questionnaire,mother_diag_psych_eat_1_m,3
questionnaire,mother_diag_psych_eat_1_m,4
questionnaire,mother_diag_psych_eat_1_m,5
questionnaire,mother_diag_psych_eat_1_m,-7
questionnaire,mother_diag_psych_eat_1_m,-1
questionnaire,mother_diag_psych_eat_1_m,-3
questionnaire,mother_diag_repro_1_m,1
questionnaire,mother_diag_repro_1_m,2
questionnaire,mother_diag_repro_1_m,4
questionnaire,mother_diag_repro_1_m,5
questionnaire,mother_diag_repro_1_m,6
questionnaire,mother_diag_repro_1_m,-7
questionnaire,mother_diag_repro_1_m,-1
questionnaire,mother_diag_repro_1_m,-3
questionnaire,mother_diag_resp_1_m,1
questionnaire,mother_diag_resp_1_m,2
questionnaire,mother_diag_resp_1_m,3
questionnaire,mother_diag_resp_1_m,4
questionnaire,mother_diag_resp_1_m,5
questionnaire,mother_diag_resp_1_m,6
questionnaire,mother_diag_resp_1_m,-7
questionnaire,mother_diag_resp_1_m,-1
questionnaire,mother_diag_resp_1_m,-3
questionnaire,mother_diag_urol_1_m,1
questionnaire,mother_diag_urol_1_m,2
questionnaire,mother_diag_urol_1_m,3
questionnaire,mother_diag_urol_1_m,-7
questionnaire,mother_diag_urol_1_m,-1
questionnaire,mother_diag_urol_1_m,-3
questionnaire,sibling_diag_a_1_m,1
questionnaire,sibling_diag_a_1_m,2
questionnaire,sibling_diag_a_1_m,8
questionnaire,sibling_diag_a_1_m,9
questionnaire,sibling_diag_a_1_m,6
questionnaire,sibling_diag_a_1_m,10
questionnaire,sibling_diag_a_1_m,14
questionnaire,sibling_diag_a_1_m,15
questionnaire,sibling_diag_a_1_m,-7
questionnaire,sibling_diag_a_1_m,-1
questionnaire,sibling_diag_a_1_m,-3
questionnaire,sibling_diag_a_2_m,1
questionnaire,sibling_diag_a_2_m,2
questionnaire,sibling_diag_a_2_m,3
questionnaire,sibling_diag_a_2_m,4
questionnaire,sibling_diag_a_2_m,5
questionnaire,sibling_diag_a_2_m,6
questionnaire,sibling_diag_a_2_m,7
questionnaire,sibling_diag_a_2_m,8
questionnaire,sibling_diag_a_2_m,9
questionnaire,sibling_diag_a_2_m,10
questionnaire,sibling_diag_a_2_m,11
questionnaire,sibling_diag_a_2_m,12
questionnaire,sibling_diag_a_2_m,13
questionnaire,sibling_diag_a_2_m,14
questionnaire,sibling_diag_a_2_m,15
questionnaire,sibling_diag_a_2_m,-7
questionnaire,sibling_diag_a_2_m,-1
questionnaire,sibling_diag_a_2_m,-3
questionnaire,sibling_diag_anaemia_1_m,1
questionnaire,sibling_diag_anaemia_1_m,2
questionnaire,sibling_diag_anaemia_1_m,3
questionnaire,sibling_diag_anaemia_1_m,4
questionnaire,sibling_diag_anaemia_1_m,5
questionnaire,sibling_diag_anaemia_1_m,6
questionnaire,sibling_diag_anaemia_1_m,-7
questionnaire,sibling_diag_anaemia_1_m,-1
questionnaire,sibling_diag_anaemia_1_m,-3
questionnaire,sibling_diag_auto_1_m,1
questionnaire,sibling_diag_auto_1_m,2
questionnaire,sibling_diag_auto_1_m,3
questionnaire,sibling_diag_auto_1_m,4
questionnaire,sibling_diag_auto_1_m,5
questionnaire,sibling_diag_auto_1_m,6
questionnaire,sibling_diag_auto_1_m,7
questionnaire,sibling_diag_auto_1_m,8
questionnaire,sibling_diag_auto_1_m,-7
questionnaire,sibling_diag_auto_1_m,-1
questionnaire,sibling_diag_auto_1_m,-3
questionnaire,sibling_diag_b_1_m,11
questionnaire,sibling_diag_b_1_m,12
questionnaire,sibling_diag_b_1_m,13
questionnaire,sibling_diag_b_1_m,3
questionnaire,sibling_diag_b_1_m,4
questionnaire,sibling_diag_b_1_m,5
questionnaire,sibling_diag_b_1_m,18
questionnaire,sibling_diag_b_1_m,16
questionnaire,sibling_diag_b_1_m,17
questionnaire,sibling_diag_b_1_m,-7
questionnaire,sibling_diag_b_1_m,-1
questionnaire,sibling_diag_b_1_m,-3
questionnaire,sibling_diag_cancer_1_m,1
questionnaire,sibling_diag_cancer_1_m,2
questionnaire,sibling_diag_cancer_1_m,3
questionnaire,sibling_diag_cancer_1_m,4
questionnaire,sibling_diag_cancer_1_m,5
questionnaire,sibling_diag_cancer_1_m,6
questionnaire,sibling_diag_cancer_1_m,7
questionnaire,sibling_diag_cancer_1_m,8
questionnaire,sibling_diag_cancer_1_m,9
questionnaire,sibling_diag_cancer_1_m,10
questionnaire,sibling_diag_cancer_1_m,11
questionnaire,sibling_diag_cancer_1_m,12
questionnaire,sibling_diag_cancer_1_m,13
questionnaire,sibling_diag_cancer_1_m,14
questionnaire,sibling_diag_cancer_1_m,15
questionnaire,sibling_diag_cancer_1_m,16
questionnaire,sibling_diag_cancer_1_m,17
questionnaire,sibling_diag_cancer_1_m,18
questionnaire,sibling_diag_cancer_1_m,19
questionnaire,sibling_diag_cancer_1_m,20
questionnaire,sibling_diag_cancer_1_m,21
questionnaire,sibling_diag_cancer_1_m,22
questionnaire,sibling_diag_cancer_1_m,23
questionnaire,sibling_diag_cancer_1_m,-1
questionnaire,sibling_diag_cancer_1_m,-7
questionnaire,sibling_diag_cancer_1_m,-3
questionnaire,sibling_diag_cancer_skin_1_m,1
questionnaire,sibling_diag_cancer_skin_1_m,2
questionnaire,sibling_diag_cancer_skin_1_m,3
questionnaire,sibling_diag_cancer_skin_1_m,-7
questionnaire,sibling_diag_cancer_skin_1_m,-1
questionnaire,sibling_diag_cancer_skin_1_m,-3
questionnaire,sibling_diag_cvd_1_m,1
questionnaire,sibling_diag_cvd_1_m,2
questionnaire,sibling_diag_cvd_1_m,3
questionnaire,sibling_diag_cvd_1_m,4
questionnaire,sibling_diag_cvd_1_m,5
questionnaire,sibling_diag_cvd_1_m,6
questionnaire,sibling_diag_cvd_1_m,7
questionnaire,sibling_diag_cvd_1_m,8
questionnaire,sibling_diag_cvd_1_m,9
questionnaire,sibling_diag_cvd_1_m,10
questionnaire,sibling_diag_cvd_1_m,11
questionnaire,sibling_diag_cvd_1_m,12
questionnaire,sibling_diag_cvd_1_m,-7
questionnaire,sibling_diag_cvd_1_m,-1
questionnaire,sibling_diag_cvd_1_m,-3
questionnaire,sibling_diag_endocr_1_m,1
questionnaire,sibling_diag_endocr_1_m,2
questionnaire,sibling_diag_endocr_1_m,3
questionnaire,sibling_diag_endocr_1_m,4
questionnaire,sibling_diag_endocr_1_m,5
questionnaire,sibling_diag_endocr_1_m,6
questionnaire,sibling_diag_endocr_1_m,7
questionnaire,sibling_diag_endocr_1_m,8
questionnaire,sibling_diag_endocr_1_m,9
questionnaire,sibling_diag_endocr_1_m,10
questionnaire,sibling_diag_endocr_1_m,-7
questionnaire,sibling_diag_endocr_1_m,-1
questionnaire,sibling_diag_endocr_1_m,-3
questionnaire,sibling_diag_gastro_1_m,1
questionnaire,sibling_diag_gastro_1_m,2
questionnaire,sibling_diag_gastro_1_m,3
questionnaire,sibling_diag_gastro_1_m,4
questionnaire,sibling_diag_gastro_1_m,5
questionnaire,sibling_diag_gastro_1_m,6
questionnaire,sibling_diag_gastro_1_m,7
questionnaire,sibling_diag_gastro_1_m,8
questionnaire,sibling_diag_gastro_1_m,9
questionnaire,sibling_diag_gastro_1_m,10
questionnaire,sibling_diag_gastro_1_m,11
questionnaire,sibling_diag_gastro_1_m,12
questionnaire,sibling_diag_gastro_1_m,13
questionnaire,sibling_diag_gastro_1_m,-7
questionnaire,sibling_diag_gastro_1_m,-1
questionnaire,sibling_diag_gastro_1_m,-3
questionnaire,sibling_diag_neuro_1_m,1
questionnaire,sibling_diag_neuro_1_m,2
questionnaire,sibling_diag_neuro_1_m,3
questionnaire,sibling_diag_neuro_1_m,4
questionnaire,sibling_diag_neuro_1_m,5
questionnaire,sibling_diag_neuro_1_m,6
questionnaire,sibling_diag_neuro_1_m,7
questionnaire,sibling_diag_neuro_1_m,8
questionnaire,sibling_diag_neuro_1_m,-7
questionnaire,sibling_diag_neuro_1_m,-1
questionnaire,sibling_diag_neuro_1_m,-3
questionnaire,sibling_diag_neuro_dev_1_m,1
questionnaire,sibling_diag_neuro_dev_1_m,2
questionnaire,sibling_diag_neuro_dev_1_m,3
questionnaire,sibling_diag_neuro_dev_1_m,4
questionnaire,sibling_diag_neuro_dev_1_m,5
questionnaire,sibling_diag_neuro_dev_1_m,6
questionnaire,sibling_diag_neuro_dev_1_m,7
questionnaire,sibling_diag_neuro_dev_1_m,8
questionnaire,sibling_diag_neuro_dev_1_m,-7
questionnaire,sibling_diag_neuro_dev_1_m,-1
questionnaire,sibling_diag_neuro_dev_1_m,-3
questionnaire,sibling_diag_opthal_1_m,1
questionnaire,sibling_diag_opthal_1_m,2
questionnaire,sibling_diag_opthal_1_m,3
questionnaire,sibling_diag_opthal_1_m,4
questionnaire,sibling_diag_opthal_1_m,5
questionnaire,sibling_diag_opthal_1_m,6
questionnaire,sibling_diag_opthal_1_m,7
questionnaire,sibling_diag_opthal_1_m,8
questionnaire,sibling_diag_opthal_1_m,9
questionnaire,sibling_diag_opthal_1_m,10
questionnaire,sibling_diag_opthal_1_m,-7
questionnaire,sibling_diag_opthal_1_m,-1
questionnaire,sibling_diag_opthal_1_m,-3
questionnaire,sibling_diag_osteo_1_m,1
questionnaire,sibling_diag_osteo_1_m,2
questionnaire,sibling_diag_osteo_1_m,3
questionnaire,sibling_diag_osteo_1_m,4
questionnaire,sibling_diag_osteo_1_m,5
questionnaire,sibling_diag_osteo_1_m,-7
questionnaire,sibling_diag_osteo_1_m,-1
questionnaire,sibling_diag_osteo_1_m,-3
questionnaire,sibling_diag_psych_1_m,1
questionnaire,sibling_diag_psych_1_m,2
questionnaire,sibling_diag_psych_1_m,3
questionnaire,sibling_diag_psych_1_m,4
questionnaire,sibling_diag_psych_1_m,5
questionnaire,sibling_diag_psych_1_m,6
questionnaire,sibling_diag_psych_1_m,7
questionnaire,sibling_diag_psych_1_m,8
questionnaire,sibling_diag_psych_1_m,9
questionnaire,sibling_diag_psych_1_m,10
questionnaire,sibling_diag_psych_1_m,11
questionnaire,sibling_diag_psych_1_m,12
questionnaire,sibling_diag_psych_1_m,13
questionnaire,sibling_diag_psych_1_m,-7
questionnaire,sibling_diag_psych_1_m,-1
questionnaire,sibling_diag_psych_1_m,-3
questionnaire,sibling_diag_psych_anx_1_m,1
questionnaire,sibling_diag_psych_anx_1_m,2
questionnaire,sibling_diag_psych_anx_1_m,3
questionnaire,sibling_diag_psych_anx_1_m,4
questionnaire,sibling_diag_psych_anx_1_m,5
questionnaire,sibling_diag_psych_anx_1_m,6
questionnaire,sibling_diag_psych_anx_1_m,7
questionnaire,sibling_diag_psych_anx_1_m,-7
questionnaire,sibling_diag_psych_anx_1_m,-1
questionnaire,sibling_diag_psych_anx_1_m,-3
questionnaire,sibling_diag_psych_depr_1_m,1
questionnaire,sibling_diag_psych_depr_1_m,2
questionnaire,sibling_diag_psych_depr_1_m,3
questionnaire,sibling_diag_psych_depr_1_m,4
questionnaire,sibling_diag_psych_depr_1_m,-7
questionnaire,sibling_diag_psych_depr_1_m,-1
questionnaire,sibling_diag_psych_depr_1_m,-3
questionnaire,sibling_diag_psych_eat_1_m,1
questionnaire,sibling_diag_psych_eat_1_m,2
questionnaire,sibling_diag_psych_eat_1_m,3
questionnaire,sibling_diag_psych_eat_1_m,4
questionnaire,sibling_diag_psych_eat_1_m,5
questionnaire,sibling_diag_psych_eat_1_m,-7
questionnaire,sibling_diag_psych_eat_1_m,-1
questionnaire,sibling_diag_psych_eat_1_m,-3
questionnaire,sibling_diag_repro_1_m,1
questionnaire,sibling_diag_repro_1_m,2
questionnaire,sibling_diag_repro_1_m,3
questionnaire,sibling_diag_repro_1_m,4
questionnaire,sibling_diag_repro_1_m,5
questionnaire,sibling_diag_repro_1_m,6
questionnaire,sibling_diag_repro_1_m,-7
questionnaire,sibling_diag_repro_1_m,-1
questionnaire,sibling_diag_repro_1_m,-3
questionnaire,sibling_diag_resp_1_m,1
questionnaire,sibling_diag_resp_1_m,2
questionnaire,sibling_diag_resp_1_m,3
questionnaire,sibling_diag_resp_1_m,4
questionnaire,sibling_diag_resp_1_m,5
questionnaire,sibling_diag_resp_1_m,6
questionnaire,sibling_diag_resp_1_m,-7
questionnaire,sibling_diag_resp_1_m,-1
questionnaire,sibling_diag_resp_1_m,-3
questionnaire,sibling_diag_urol_1_m,1
questionnaire,sibling_diag_urol_1_m,2
questionnaire,sibling_diag_urol_1_m,3
questionnaire,sibling_diag_urol_1_m,-7
questionnaire,sibling_diag_urol_1_m,-1
questionnaire,sibling_diag_urol_1_m,-3
questionnaire,sibling_num_brothers_1_1,-1
questionnaire,sibling_num_brothers_1_1,-3
questionnaire,sibling_num_sisters_1_1,-1
questionnaire,sibling_num_sisters_1_1,-3
questionnaire,children_bio_first_age_1_1,-999
questionnaire,children_bio_first_age_1_1,-4
questionnaire,children_bio_first_age_1_1,-3
questionnaire,children_bio_last_age_1_1,-999
questionnaire,children_bio_last_age_1_1,-4
questionnaire,children_bio_last_age_1_1,-3
questionnaire,children_bio_num_1_1,-999
questionnaire,children_bio_num_1_1,-1
questionnaire,children_bio_num_1_1,-3
questionnaire,children_bio_num_2_1,-999
questionnaire,children_bio_num_2_1,-1
questionnaire,children_bio_num_2_1,-3
questionnaire,children_birthed_first_age_1_1,-999
questionnaire,children_birthed_first_age_1_1,-4
questionnaire,children_birthed_first_age_1_1,-3
questionnaire,children_birthed_last_age_1_1,-999
questionnaire,children_birthed_last_age_1_1,-4
questionnaire,children_birthed_last_age_1_1,-3
questionnaire,children_birthed_num_1_1,-999
questionnaire,children_birthed_num_1_1,-3
questionnaire,diag_1_m,1
questionnaire,diag_1_m,2
questionnaire,diag_1_m,3
questionnaire,diag_1_m,4
questionnaire,diag_1_m,5
questionnaire,diag_1_m,6
questionnaire,diag_1_m,7
questionnaire,diag_1_m,8
questionnaire,diag_1_m,-7
questionnaire,diag_1_m,-3
questionnaire,diag_2_m,1
questionnaire,diag_2_m,2
questionnaire,diag_2_m,3
questionnaire,diag_2_m,4
questionnaire,diag_2_m,5
questionnaire,diag_2_m,6
questionnaire,diag_2_m,7
questionnaire,diag_2_m,8
questionnaire,diag_2_m,9
questionnaire,diag_2_m,10
questionnaire,diag_2_m,11
questionnaire,diag_2_m,12
questionnaire,diag_2_m,13
questionnaire,diag_2_m,14
questionnaire,diag_2_m,15
questionnaire,diag_2_m,16
questionnaire,diag_2_m,-7
questionnaire,diag_2_m,-1
questionnaire,diag_2_m,-3
questionnaire,diag_anaemia_1_m,1
questionnaire,diag_anaemia_1_m,2
questionnaire,diag_anaemia_1_m,3
questionnaire,diag_anaemia_1_m,4
questionnaire,diag_anaemia_1_m,5
questionnaire,diag_anaemia_1_m,6
questionnaire,diag_anaemia_1_m,-7
questionnaire,diag_anaemia_1_m,-1
questionnaire,diag_anaemia_1_m,-3
questionnaire,diag_auto_1_m,1
questionnaire,diag_auto_1_m,2
questionnaire,diag_auto_1_m,3
questionnaire,diag_auto_1_m,4
questionnaire,diag_auto_1_m,5
questionnaire,diag_auto_1_m,6
questionnaire,diag_auto_1_m,7
questionnaire,diag_auto_1_m,8
questionnaire,diag_auto_1_m,-7
questionnaire,diag_auto_1_m,-1
questionnaire,diag_auto_1_m,-3
questionnaire,diag_cancer_1_m,1
questionnaire,diag_cancer_1_m,2
questionnaire,diag_cancer_1_m,3
questionnaire,diag_cancer_1_m,4
questionnaire,diag_cancer_1_m,5
questionnaire,diag_cancer_1_m,6
questionnaire,diag_cancer_1_m,7
questionnaire,diag_cancer_1_m,8
questionnaire,diag_cancer_1_m,9
questionnaire,diag_cancer_1_m,10
questionnaire,diag_cancer_1_m,11
questionnaire,diag_cancer_1_m,12
questionnaire,diag_cancer_1_m,13
questionnaire,diag_cancer_1_m,14
questionnaire,diag_cancer_1_m,15
questionnaire,diag_cancer_1_m,16
questionnaire,diag_cancer_1_m,17
questionnaire,diag_cancer_1_m,18
questionnaire,diag_cancer_1_m,19
questionnaire,diag_cancer_1_m,20
questionnaire,diag_cancer_1_m,21
questionnaire,diag_cancer_1_m,22
questionnaire,diag_cancer_1_m,23
questionnaire,diag_cancer_1_m,-1
questionnaire,diag_cancer_1_m,-7
questionnaire,diag_cancer_1_m,-3
questionnaire,diag_cancer_skin_1_m,1
questionnaire,diag_cancer_skin_1_m,2
questionnaire,diag_cancer_skin_1_m,3
questionnaire,diag_cancer_skin_1_m,-7
questionnaire,diag_cancer_skin_1_m,-1
questionnaire,diag_cancer_skin_1_m,-3
questionnaire,diag_cvd_1_m,1
questionnaire,diag_cvd_1_m,2
questionnaire,diag_cvd_1_m,3
questionnaire,diag_cvd_1_m,4
questionnaire,diag_cvd_1_m,5
questionnaire,diag_cvd_1_m,6
questionnaire,diag_cvd_1_m,7
questionnaire,diag_cvd_1_m,8
questionnaire,diag_cvd_1_m,9
questionnaire,diag_cvd_1_m,10
questionnaire,diag_cvd_1_m,11
questionnaire,diag_cvd_1_m,12
questionnaire,diag_cvd_1_m,-7
questionnaire,diag_cvd_1_m,-1
questionnaire,diag_cvd_1_m,-3
questionnaire,diag_endocr_1_m,1
questionnaire,diag_endocr_1_m,2
questionnaire,diag_endocr_1_m,3
questionnaire,diag_endocr_1_m,4
questionnaire,diag_endocr_1_m,5
questionnaire,diag_endocr_1_m,6
questionnaire,diag_endocr_1_m,7
questionnaire,diag_endocr_1_m,8
questionnaire,diag_endocr_1_m,9
questionnaire,diag_endocr_1_m,10
questionnaire,diag_endocr_1_m,-7
questionnaire,diag_endocr_1_m,-1
questionnaire,diag_endocr_1_m,-3
questionnaire,diag_gastro_1_m,1
questionnaire,diag_gastro_1_m,2
questionnaire,diag_gastro_1_m,3
questionnaire,diag_gastro_1_m,4
questionnaire,diag_gastro_1_m,5
questionnaire,diag_gastro_1_m,6
questionnaire,diag_gastro_1_m,7
questionnaire,diag_gastro_1_m,8
questionnaire,diag_gastro_1_m,9
questionnaire,diag_gastro_1_m,10
questionnaire,diag_gastro_1_m,11
questionnaire,diag_gastro_1_m,12
questionnaire,diag_gastro_1_m,13
questionnaire,diag_gastro_1_m,-7
questionnaire,diag_gastro_1_m,-1
questionnaire,diag_gastro_1_m,-3
questionnaire,diag_neuro_1_m,1
questionnaire,diag_neuro_1_m,2
questionnaire,diag_neuro_1_m,3
questionnaire,diag_neuro_1_m,4
questionnaire,diag_neuro_1_m,5
questionnaire,diag_neuro_1_m,6
questionnaire,diag_neuro_1_m,7
questionnaire,diag_neuro_1_m,8
questionnaire,diag_neuro_1_m,-7
questionnaire,diag_neuro_1_m,-1
questionnaire,diag_neuro_1_m,-3
questionnaire,diag_neuro_dev_1_m,1
questionnaire,diag_neuro_dev_1_m,2
questionnaire,diag_neuro_dev_1_m,3
questionnaire,diag_neuro_dev_1_m,4
questionnaire,diag_neuro_dev_1_m,5
questionnaire,diag_neuro_dev_1_m,6
questionnaire,diag_neuro_dev_1_m,7
questionnaire,diag_neuro_dev_1_m,8
questionnaire,diag_neuro_dev_1_m,-7
questionnaire,diag_neuro_dev_1_m,-1
questionnaire,diag_neuro_dev_1_m,-3
questionnaire,diag_ob_1_m,1
questionnaire,diag_ob_1_m,2
questionnaire,diag_ob_1_m,3
questionnaire,diag_ob_1_m,4
questionnaire,diag_ob_1_m,5
questionnaire,diag_ob_1_m,6
questionnaire,diag_ob_1_m,7
questionnaire,diag_ob_1_m,8
questionnaire,diag_ob_1_m,9
questionnaire,diag_ob_1_m,10
questionnaire,diag_ob_1_m,11
questionnaire,diag_ob_1_m,12
questionnaire,diag_ob_1_m,13
questionnaire,diag_ob_1_m,14
questionnaire,diag_ob_1_m,-7
questionnaire,diag_ob_1_m,-1
questionnaire,diag_ob_1_m,-3
questionnaire,diag_opthal_1_m,1
questionnaire,diag_opthal_1_m,2
questionnaire,diag_opthal_1_m,3
questionnaire,diag_opthal_1_m,4
questionnaire,diag_opthal_1_m,5
questionnaire,diag_opthal_1_m,6
questionnaire,diag_opthal_1_m,7
questionnaire,diag_opthal_1_m,8
questionnaire,diag_opthal_1_m,9
questionnaire,diag_opthal_1_m,10
questionnaire,diag_opthal_1_m,-7
questionnaire,diag_opthal_1_m,-1
questionnaire,diag_opthal_1_m,-3
questionnaire,diag_osteo_1_m,1
questionnaire,diag_osteo_1_m,2
questionnaire,diag_osteo_1_m,3
questionnaire,diag_osteo_1_m,4
questionnaire,diag_osteo_1_m,5
questionnaire,diag_osteo_1_m,-7
questionnaire,diag_osteo_1_m,-1
questionnaire,diag_osteo_1_m,-3
questionnaire,diag_psych_1_m,1
questionnaire,diag_psych_1_m,2
questionnaire,diag_psych_1_m,3
questionnaire,diag_psych_1_m,4
questionnaire,diag_psych_1_m,5
questionnaire,diag_psych_1_m,6
questionnaire,diag_psych_1_m,7
questionnaire,diag_psych_1_m,8
questionnaire,diag_psych_1_m,9
questionnaire,diag_psych_1_m,10
questionnaire,diag_psych_1_m,11
questionnaire,diag_psych_1_m,12
questionnaire,diag_psych_1_m,13
questionnaire,diag_psych_1_m,-7
questionnaire,diag_psych_1_m,-1
questionnaire,diag_psych_1_m,-3
questionnaire,diag_psych_anx_1_m,1
questionnaire,diag_psych_anx_1_m,2
questionnaire,diag_psych_anx_1_m,3
questionnaire,diag_psych_anx_1_m,4
questionnaire,diag_psych_anx_1_m,5
questionnaire,diag_psych_anx_1_m,6
questionnaire,diag_psych_anx_1_m,7
questionnaire,diag_psych_anx_1_m,-7
questionnaire,diag_psych_anx_1_m,-1
questionnaire,diag_psych_anx_1_m,-3
questionnaire,diag_psych_depr_1_m,1
questionnaire,diag_psych_depr_1_m,2
questionnaire,diag_psych_depr_1_m,3
questionnaire,diag_psych_depr_1_m,4
questionnaire,diag_psych_depr_1_m,-7
questionnaire,diag_psych_depr_1_m,-1
questionnaire,diag_psych_depr_1_m,-3
questionnaire,diag_psych_eat_1_m,1
questionnaire,diag_psych_eat_1_m,2
questionnaire,diag_psych_eat_1_m,3
questionnaire,diag_psych_eat_1_m,4
questionnaire,diag_psych_eat_1_m,5
questionnaire,diag_psych_eat_1_m,-7
questionnaire,diag_psych_eat_1_m,-1
questionnaire,diag_psych_eat_1_m,-3
questionnaire,diag_repro_1_m,1
questionnaire,diag_repro_1_m,2
questionnaire,diag_repro_1_m,3
questionnaire,diag_repro_1_m,4
questionnaire,diag_repro_1_m,5
questionnaire,diag_repro_1_m,6
questionnaire,diag_repro_1_m,-7
questionnaire,diag_repro_1_m,-1
questionnaire,diag_repro_1_m,-3
questionnaire,diag_resp_1_m,1
questionnaire,diag_resp_1_m,2
questionnaire,diag_resp_1_m,3
questionnaire,diag_resp_1_m,4
questionnaire,diag_resp_1_m,5
questionnaire,diag_resp_1_m,6
questionnaire,diag_resp_1_m,-7
questionnaire,diag_resp_1_m,-1
questionnaire,diag_resp_1_m,-3
questionnaire,diag_urol_1_m,1
questionnaire,diag_urol_1_m,2
questionnaire,diag_urol_1_m,3
questionnaire,diag_urol_1_m,-7
questionnaire,diag_urol_1_m,-1
questionnaire,diag_urol_1_m,-3
questionnaire,gad7_impair_1_1,0
questionnaire,gad7_impair_1_1,1
questionnaire,gad7_impair_1_1,2
questionnaire,gad7_impair_1_1,3
questionnaire,gad7_impair_1_1,-1
questionnaire,gad7_impair_1_1,-3
questionnaire,gad7_item1_anx_1_1,1
questionnaire,gad7_item1_anx_1_1,2
questionnaire,gad7_item1_anx_1_1,3
questionnaire,gad7_item1_anx_1_1,4
questionnaire,gad7_item1_anx_1_1,-1
questionnaire,gad7_item1_anx_1_1,-3
questionnaire,gad7_item2_worry_control_1_1,1
questionnaire,gad7_item2_worry_control_1_1,2
questionnaire,gad7_item2_worry_control_1_1,3
questionnaire,gad7_item2_worry_control_1_1,4
questionnaire,gad7_item2_worry_control_1_1,-1
questionnaire,gad7_item2_worry_control_1_1,-3
questionnaire,gad7_item3_worry_amount_1_1,1
questionnaire,gad7_item3_worry_amount_1_1,2
questionnaire,gad7_item3_worry_amount_1_1,3
questionnaire,gad7_item3_worry_amount_1_1,4
questionnaire,gad7_item3_worry_amount_1_1,-1
questionnaire,gad7_item3_worry_amount_1_1,-3
questionnaire,gad7_item4_relax_1_1,1
questionnaire,gad7_item4_relax_1_1,2
questionnaire,gad7_item4_relax_1_1,3
questionnaire,gad7_item4_relax_1_1,4
questionnaire,gad7_item4_relax_1_1,-1
questionnaire,gad7_item4_relax_1_1,-3
questionnaire,gad7_item5_restless_1_1,1
questionnaire,gad7_item5_restless_1_1,2
questionnaire,gad7_item5_restless_1_1,3
questionnaire,gad7_item5_restless_1_1,4
questionnaire,gad7_item5_restless_1_1,-1
questionnaire,gad7_item5_restless_1_1,-3
questionnaire,gad7_item6_annoyed_1_1,1
questionnaire,gad7_item6_annoyed_1_1,2
questionnaire,gad7_item6_annoyed_1_1,3
questionnaire,gad7_item6_annoyed_1_1,4
questionnaire,gad7_item6_annoyed_1_1,-1
questionnaire,gad7_item6_annoyed_1_1,-3
questionnaire,gad7_item7_afraid_1_1,1
questionnaire,gad7_item7_afraid_1_1,2
questionnaire,gad7_item7_afraid_1_1,3
questionnaire,gad7_item7_afraid_1_1,4
questionnaire,gad7_item7_afraid_1_1,-1
questionnaire,gad7_item7_afraid_1_1,-3
questionnaire,gyn_contracept_implant_1_1,1
questionnaire,gyn_contracept_implant_1_1,0
questionnaire,gyn_contracept_implant_1_1,-1
questionnaire,gyn_contracept_implant_1_1,-3
questionnaire,gyn_contracept_methods_1_m,1
questionnaire,gyn_contracept_methods_1_m,2
questionnaire,gyn_contracept_methods_1_m,3
questionnaire,gyn_contracept_methods_1_m,4
questionnaire,gyn_contracept_methods_1_m,5
questionnaire,gyn_contracept_methods_1_m,6
questionnaire,gyn_contracept_methods_1_m,7
questionnaire,gyn_contracept_methods_1_m,8
questionnaire,gyn_contracept_methods_1_m,-1
questionnaire,gyn_contracept_methods_1_m,-3
questionnaire,gyn_contracept_pill_1_1,1
questionnaire,gyn_contracept_pill_1_1,0
questionnaire,gyn_contracept_pill_1_1,-1
questionnaire,gyn_contracept_pill_1_1,-3
questionnaire,gyn_contracept_pill_first_age_1_1,-1
questionnaire,gyn_contracept_pill_first_age_1_1,-3
questionnaire,gyn_contracept_pill_last_age_1_1,-1
questionnaire,gyn_contracept_pill_last_age_1_1,-3
questionnaire,gyn_contracept_pill_last_age_1_1,-11
questionnaire,gyn_hrt_1_1,1
questionnaire,gyn_hrt_1_1,0
questionnaire,gyn_hrt_1_1,-1
questionnaire,gyn_hrt_1_1,-3
questionnaire,gyn_hrt_first_trt_age_1_1,-1
questionnaire,gyn_hrt_first_trt_age_1_1,-3
questionnaire,gyn_hrt_first_trt_age_1_1,-11
questionnaire,gyn_hrt_last_trt_age_1_1,-1
questionnaire,gyn_hrt_last_trt_age_1_1,-3
questionnaire,gyn_hrt_last_trt_age_1_1,-11
questionnaire,gyn_hyst_1_1,1
questionnaire,gyn_hyst_1_1,0
questionnaire,gyn_hyst_1_1,-5
questionnaire,gyn_hyst_1_1,-3
questionnaire,gyn_hyst_age_1_1,-1
questionnaire,gyn_hyst_age_1_1,-3
questionnaire,gyn_menopause_1_1,1
questionnaire,gyn_menopause_1_1,0
questionnaire,gyn_menopause_1_1,2
questionnaire,gyn_menopause_1_1,3
questionnaire,gyn_menopause_1_1,-3
questionnaire,gyn_menopause_2_1,1
questionnaire,gyn_menopause_2_1,0
questionnaire,gyn_menopause_2_1,2
questionnaire,gyn_menopause_2_1,3
questionnaire,gyn_menopause_2_1,-3
questionnaire,gyn_menopause_last_period_age_1_1,-1
questionnaire,gyn_menopause_last_period_age_1_1,-3
questionnaire,gyn_menopause_last_period_age_2_1,-1
questionnaire,gyn_menopause_last_period_age_2_1,-3
questionnaire,gyn_menstr_age_1_1,-1
questionnaire,gyn_menstr_age_1_1,-3
questionnaire,gyn_menstr_cycle_days_1_1,-6
questionnaire,gyn_menstr_cycle_days_1_1,-1
questionnaire,gyn_menstr_cycle_days_1_1,-3
questionnaire,gyn_menstr_cycle_days_2_1,-6
questionnaire,gyn_menstr_cycle_days_2_1,-1
questionnaire,gyn_menstr_cycle_days_2_1,-3
questionnaire,gyn_menstr_last_period_days_1_1,-1
questionnaire,gyn_menstr_last_period_days_1_1,-3
questionnaire,gyn_menstr_last_period_days_2_1,-10
questionnaire,gyn_menstr_last_period_days_2_1,-1
questionnaire,gyn_menstr_last_period_days_2_1,-3
questionnaire,gyn_ooph_1_1,1
questionnaire,gyn_ooph_1_1,0
questionnaire,gyn_ooph_1_1,-5
questionnaire,gyn_ooph_1_1,-3
questionnaire,gyn_ooph_age_1_1,-1
questionnaire,gyn_ooph_age_1_1,-3
questionnaire,health_amputation_1_1,0
questionnaire,health_amputation_1_1,1
questionnaire,health_amputation_1_1,2
questionnaire,health_amputation_1_1,3
questionnaire,health_amputation_1_1,-1
questionnaire,health_amputation_1_1,-3
questionnaire,health_check_colorectal_1_1,1
questionnaire,health_check_colorectal_1_1,0
questionnaire,health_check_colorectal_1_1,-1
questionnaire,health_check_colorectal_1_1,-3
questionnaire,health_check_colorectal_yrs_1_1,-10
questionnaire,health_check_colorectal_yrs_1_1,-1
questionnaire,health_check_colorectal_yrs_1_1,-3
questionnaire,health_check_mammogram_1_1,1
questionnaire,health_check_mammogram_1_1,0
questionnaire,health_check_mammogram_1_1,-1
questionnaire,health_check_mammogram_1_1,-3
questionnaire,health_check_mammogram_yrs_1_1,-10
questionnaire,health_check_mammogram_yrs_1_1,-1
questionnaire,health_check_mammogram_yrs_1_1,-3
questionnaire,health_check_prostate_1_1,1
questionnaire,health_check_prostate_1_1,0
questionnaire,health_check_prostate_1_1,-1
questionnaire,health_check_prostate_1_1,-3
questionnaire,health_check_prostate_yrs_1_1,-10
questionnaire,health_check_prostate_yrs_1_1,-1
questionnaire,health_check_prostate_yrs_1_1,-3
questionnaire,health_check_smear_1_1,1
questionnaire,health_check_smear_1_1,0
questionnaire,health_check_smear_1_1,-1
questionnaire,health_check_smear_1_1,-3
questionnaire,health_check_smear_yrs_1_1,-10
questionnaire,health_check_smear_yrs_1_1,-1
questionnaire,health_check_smear_yrs_1_1,-3
questionnaire,health_covid_1_1,1
questionnaire,health_covid_1_1,2
questionnaire,health_covid_1_1,3
questionnaire,health_covid_1_1,4
questionnaire,health_covid_1_1,-1
questionnaire,health_covid_1_1,-3
questionnaire,health_dental_1_m,1
questionnaire,health_dental_1_m,2
questionnaire,health_dental_1_m,3
questionnaire,health_dental_1_m,4
questionnaire,health_dental_1_m,5
questionnaire,health_dental_1_m,6
questionnaire,health_dental_1_m,-7
questionnaire,health_dental_1_m,-3
questionnaire,health_falls_1_1,1
questionnaire,health_falls_1_1,2
questionnaire,health_falls_1_1,3
questionnaire,health_falls_1_1,-3
questionnaire,health_pain_acute_1_m,1
questionnaire,health_pain_acute_1_m,2
questionnaire,health_pain_acute_1_m,3
questionnaire,health_pain_acute_1_m,4
questionnaire,health_pain_acute_1_m,5
questionnaire,health_pain_acute_1_m,6
questionnaire,health_pain_acute_1_m,7
questionnaire,health_pain_acute_1_m,8
questionnaire,health_pain_acute_1_m,-7
questionnaire,health_pain_acute_1_m,-3
questionnaire,health_pain_acute_2_m,1
questionnaire,health_pain_acute_2_m,2
questionnaire,health_pain_acute_2_m,3
questionnaire,health_pain_acute_2_m,4
questionnaire,health_pain_acute_2_m,5
questionnaire,health_pain_acute_2_m,6
questionnaire,health_pain_acute_2_m,7
questionnaire,health_pain_acute_2_m,9
questionnaire,health_pain_acute_2_m,8
questionnaire,health_pain_acute_2_m,-7
questionnaire,health_pain_acute_2_m,-3
questionnaire,health_pain_chest_1_1,1
questionnaire,health_pain_chest_1_1,0
questionnaire,health_pain_chest_1_1,-1
questionnaire,health_pain_chest_1_1,-3
questionnaire,health_pain_chest_subside_1_1,1
questionnaire,health_pain_chest_subside_1_1,0
questionnaire,health_pain_chest_subside_1_1,-1
questionnaire,health_pain_chest_subside_1_1,-3
questionnaire,health_pain_chest_walk_1_1,1
questionnaire,health_pain_chest_walk_1_1,0
questionnaire,health_pain_chest_walk_1_1,-1
questionnaire,health_pain_chest_walk_1_1,-3
questionnaire,health_pain_chest_walk_uphill_1_1,1
questionnaire,health_pain_chest_walk_uphill_1_1,0
questionnaire,health_pain_chest_walk_uphill_1_1,-1
questionnaire,health_pain_chest_walk_uphill_1_1,-3
questionnaire,health_pain_chronic_1_m,1
questionnaire,health_pain_chronic_1_m,2
questionnaire,health_pain_chronic_1_m,3
questionnaire,health_pain_chronic_1_m,4
questionnaire,health_pain_chronic_1_m,5
questionnaire,health_pain_chronic_1_m,6
questionnaire,health_pain_chronic_1_m,7
questionnaire,health_pain_chronic_1_m,9
questionnaire,health_pain_chronic_1_m,8
questionnaire,health_pain_chronic_1_m,-7
questionnaire,health_pain_chronic_1_m,-3
questionnaire,health_pain_chronic_back_1_1,1
questionnaire,health_pain_chronic_back_1_1,0
questionnaire,health_pain_chronic_back_1_1,-1
questionnaire,health_pain_chronic_back_1_1,-3
questionnaire,health_pain_chronic_body_1_1,1
questionnaire,health_pain_chronic_body_1_1,0
questionnaire,health_pain_chronic_body_1_1,-1
questionnaire,health_pain_chronic_body_1_1,-3
questionnaire,health_pain_chronic_face_1_1,1
questionnaire,health_pain_chronic_face_1_1,0
questionnaire,health_pain_chronic_face_1_1,-1
questionnaire,health_pain_chronic_face_1_1,-3
questionnaire,health_pain_chronic_headache_1_1,1
questionnaire,health_pain_chronic_headache_1_1,0
questionnaire,health_pain_chronic_headache_1_1,-1
questionnaire,health_pain_chronic_headache_1_1,-3
questionnaire,health_pain_chronic_hip_1_1,1
questionnaire,health_pain_chronic_hip_1_1,0
questionnaire,health_pain_chronic_hip_1_1,-1
questionnaire,health_pain_chronic_hip_1_1,-3
questionnaire,health_pain_chronic_knee_1_1,1
questionnaire,health_pain_chronic_knee_1_1,0
questionnaire,health_pain_chronic_knee_1_1,-1
questionnaire,health_pain_chronic_knee_1_1,-3
questionnaire,health_pain_chronic_shoulder_1_1,1
questionnaire,health_pain_chronic_shoulder_1_1,0
questionnaire,health_pain_chronic_shoulder_1_1,-1
questionnaire,health_pain_chronic_shoulder_1_1,-3
questionnaire,health_pain_chronic_stomach_1_1,1
questionnaire,health_pain_chronic_stomach_1_1,0
questionnaire,health_pain_chronic_stomach_1_1,-1
questionnaire,health_pain_chronic_stomach_1_1,-3
questionnaire,health_pain_leg_1_1,1
questionnaire,health_pain_leg_1_1,0
questionnaire,health_pain_leg_1_1,-1
questionnaire,health_pain_leg_1_1,-3
questionnaire,health_resp_short_1_1,1
questionnaire,health_resp_short_1_1,0
questionnaire,health_resp_short_1_1,-1
questionnaire,health_resp_short_1_1,-3
questionnaire,health_resp_wheeze_1_1,1
questionnaire,health_resp_wheeze_1_1,0
questionnaire,health_resp_wheeze_1_1,-1
questionnaire,health_resp_wheeze_1_1,-3
questionnaire,health_status_chronic_1_1,1
questionnaire,health_status_chronic_1_1,0
questionnaire,health_status_chronic_1_1,-1
questionnaire,health_status_chronic_1_1,-3
questionnaire,health_status_curr_1_1,1
questionnaire,health_status_curr_1_1,2
questionnaire,health_status_curr_1_1,3
questionnaire,health_status_curr_1_1,4
questionnaire,health_status_curr_1_1,-1
questionnaire,health_status_curr_1_1,-3
questionnaire,health_status_disability_1_1,1
questionnaire,health_status_disability_1_1,0
questionnaire,health_status_disability_1_1,-1
questionnaire,health_status_disability_1_1,-3
questionnaire,health_status_disability_support_1_m,1
questionnaire,health_status_disability_support_1_m,2
questionnaire,health_status_disability_support_1_m,3
questionnaire,health_status_disability_support_1_m,-7
questionnaire,health_status_disability_support_1_m,-1
questionnaire,health_status_disability_support_1_m,-3
questionnaire,health_status_private_healthcare_1_1,1
questionnaire,health_status_private_healthcare_1_1,2
questionnaire,health_status_private_healthcare_1_1,3
questionnaire,health_status_private_healthcare_1_1,4
questionnaire,health_status_private_healthcare_1_1,-1
questionnaire,health_status_private_healthcare_1_1,-3
questionnaire,health_sun_protect_1_1,1
questionnaire,health_sun_protect_1_1,2
questionnaire,health_sun_protect_1_1,3
questionnaire,health_sun_protect_1_1,4
questionnaire,health_sun_protect_1_1,5
questionnaire,health_sun_protect_1_1,-1
questionnaire,health_sun_protect_1_1,-3
questionnaire,health_sun_solarium_1_1,-10
questionnaire,health_sun_solarium_1_1,-1
questionnaire,health_sun_solarium_1_1,-3
questionnaire,health_weight_chg_1_1,0
questionnaire,health_weight_chg_1_1,2
questionnaire,health_weight_chg_1_1,3
questionnaire,health_weight_chg_1_1,-1
questionnaire,health_weight_chg_1_1,-3
questionnaire,medicat_1_m,1
questionnaire,medicat_1_m,2
questionnaire,medicat_1_m,3
questionnaire,medicat_1_m,4
questionnaire,medicat_1_m,5
questionnaire,medicat_1_m,6
questionnaire,medicat_1_m,7
questionnaire,medicat_1_m,8
questionnaire,medicat_1_m,9
questionnaire,medicat_1_m,10
questionnaire,medicat_1_m,11
questionnaire,medicat_1_m,12
questionnaire,medicat_1_m,13
questionnaire,medicat_1_m,-7
questionnaire,medicat_1_m,-1
questionnaire,medicat_1_m,-3
questionnaire,medicat_a_1_m,1
questionnaire,medicat_a_1_m,2
questionnaire,medicat_a_1_m,3
questionnaire,medicat_a_1_m,4
questionnaire,medicat_a_1_m,5
questionnaire,medicat_a_1_m,-7
questionnaire,medicat_a_1_m,-1
questionnaire,medicat_a_1_m,-3
questionnaire,medicat_auto_1_m,1
questionnaire,medicat_auto_1_m,2
questionnaire,medicat_auto_1_m,3
questionnaire,medicat_auto_1_m,4
questionnaire,medicat_auto_1_m,5
questionnaire,medicat_auto_1_m,6
questionnaire,medicat_auto_1_m,7
questionnaire,medicat_auto_1_m,8
questionnaire,medicat_auto_1_m,9
questionnaire,medicat_auto_1_m,10
questionnaire,medicat_auto_1_m,11
questionnaire,medicat_auto_1_m,-7
questionnaire,medicat_auto_1_m,-1
questionnaire,medicat_auto_1_m,-3
questionnaire,medicat_b_1_m,1
questionnaire,medicat_b_1_m,2
questionnaire,medicat_b_1_m,3
questionnaire,medicat_b_1_m,4
questionnaire,medicat_b_1_m,5
questionnaire,medicat_b_1_m,6
questionnaire,medicat_b_1_m,-7
questionnaire,medicat_b_1_m,-1
questionnaire,medicat_b_1_m,-3
questionnaire,medicat_c_1_m,1
questionnaire,medicat_c_1_m,2
questionnaire,medicat_c_1_m,3
questionnaire,medicat_c_1_m,4
questionnaire,medicat_c_1_m,5
questionnaire,medicat_c_1_m,6
questionnaire,medicat_c_1_m,7
questionnaire,medicat_c_1_m,-7
questionnaire,medicat_c_1_m,-3
questionnaire,medicat_cancer_1_m,1
questionnaire,medicat_cancer_1_m,2
questionnaire,medicat_cancer_1_m,3
questionnaire,medicat_cancer_1_m,4
questionnaire,medicat_cancer_1_m,5
questionnaire,medicat_cancer_1_m,-7
questionnaire,medicat_cancer_1_m,-1
questionnaire,medicat_cancer_1_m,-3
questionnaire,medicat_cvd_1_m,1
questionnaire,medicat_cvd_1_m,2
questionnaire,medicat_cvd_1_m,3
questionnaire,medicat_cvd_1_m,4
questionnaire,medicat_cvd_1_m,5
questionnaire,medicat_cvd_1_m,6
questionnaire,medicat_cvd_1_m,7
questionnaire,medicat_cvd_1_m,8
questionnaire,medicat_cvd_1_m,9
questionnaire,medicat_cvd_1_m,10
questionnaire,medicat_cvd_1_m,11
questionnaire,medicat_cvd_1_m,12
questionnaire,medicat_cvd_1_m,-7
questionnaire,medicat_cvd_1_m,-1
questionnaire,medicat_cvd_1_m,-3
questionnaire,medicat_d_1_m,1
questionnaire,medicat_d_1_m,2
questionnaire,medicat_d_1_m,3
questionnaire,medicat_d_1_m,4
questionnaire,medicat_d_1_m,5
questionnaire,medicat_d_1_m,6
questionnaire,medicat_d_1_m,-7
questionnaire,medicat_d_1_m,-3
questionnaire,medicat_diab_1_m,1
questionnaire,medicat_diab_1_m,2
questionnaire,medicat_diab_1_m,3
questionnaire,medicat_diab_1_m,4
questionnaire,medicat_diab_1_m,5
questionnaire,medicat_diab_1_m,6
questionnaire,medicat_diab_1_m,7
questionnaire,medicat_diab_1_m,8
questionnaire,medicat_diab_1_m,9
questionnaire,medicat_diab_1_m,10
questionnaire,medicat_diab_1_m,11
questionnaire,medicat_diab_1_m,-7
questionnaire,medicat_diab_1_m,-1
questionnaire,medicat_diab_1_m,-3
questionnaire,medicat_endocr_1_m,1
questionnaire,medicat_endocr_1_m,2
questionnaire,medicat_endocr_1_m,3
questionnaire,medicat_endocr_1_m,4
questionnaire,medicat_endocr_1_m,5
questionnaire,medicat_endocr_1_m,6
questionnaire,medicat_endocr_1_m,7
questionnaire,medicat_endocr_1_m,8
questionnaire,medicat_endocr_1_m,9
questionnaire,medicat_endocr_1_m,10
questionnaire,medicat_endocr_1_m,-7
questionnaire,medicat_endocr_1_m,-1
questionnaire,medicat_endocr_1_m,-3
questionnaire,medicat_gastro_1_m,1
questionnaire,medicat_gastro_1_m,2
questionnaire,medicat_gastro_1_m,3
questionnaire,medicat_gastro_1_m,4
questionnaire,medicat_gastro_1_m,5
questionnaire,medicat_gastro_1_m,6
questionnaire,medicat_gastro_1_m,7
questionnaire,medicat_gastro_1_m,8
questionnaire,medicat_gastro_1_m,9
questionnaire,medicat_gastro_1_m,10
questionnaire,medicat_gastro_1_m,11
questionnaire,medicat_gastro_1_m,12
questionnaire,medicat_gastro_1_m,-7
questionnaire,medicat_gastro_1_m,-1
questionnaire,medicat_gastro_1_m,-3
questionnaire,medicat_neuro_1_m,1
questionnaire,medicat_neuro_1_m,2
questionnaire,medicat_neuro_1_m,3
questionnaire,medicat_neuro_1_m,4
questionnaire,medicat_neuro_1_m,5
questionnaire,medicat_neuro_1_m,6
questionnaire,medicat_neuro_1_m,7
questionnaire,medicat_neuro_1_m,8
questionnaire,medicat_neuro_1_m,9
questionnaire,medicat_neuro_1_m,10
questionnaire,medicat_neuro_1_m,11
questionnaire,medicat_neuro_1_m,12
questionnaire,medicat_neuro_1_m,13
questionnaire,medicat_neuro_1_m,14
questionnaire,medicat_neuro_1_m,-7
questionnaire,medicat_neuro_1_m,-1
questionnaire,medicat_neuro_1_m,-3
questionnaire,medicat_osteo_1_m,1
questionnaire,medicat_osteo_1_m,2
questionnaire,medicat_osteo_1_m,3
questionnaire,medicat_osteo_1_m,4
questionnaire,medicat_osteo_1_m,5
questionnaire,medicat_osteo_1_m,6
questionnaire,medicat_osteo_1_m,7
questionnaire,medicat_osteo_1_m,8
questionnaire,medicat_osteo_1_m,9
questionnaire,medicat_osteo_1_m,-7
questionnaire,medicat_osteo_1_m,-1
questionnaire,medicat_osteo_1_m,-3
questionnaire,medicat_pain_1_m,1
questionnaire,medicat_pain_1_m,2
questionnaire,medicat_pain_1_m,3
questionnaire,medicat_pain_1_m,4
questionnaire,medicat_pain_1_m,5
questionnaire,medicat_pain_1_m,6
questionnaire,medicat_pain_1_m,7
questionnaire,medicat_pain_1_m,-7
questionnaire,medicat_pain_1_m,-1
questionnaire,medicat_pain_1_m,-3
questionnaire,medicat_prescript_1_m,2
questionnaire,medicat_prescript_1_m,3
questionnaire,medicat_prescript_1_m,4
questionnaire,medicat_prescript_1_m,0
questionnaire,medicat_prescript_1_m,-1
questionnaire,medicat_prescript_1_m,-3
questionnaire,medicat_psych_1_m,1
questionnaire,medicat_psych_1_m,2
questionnaire,medicat_psych_1_m,3
questionnaire,medicat_psych_1_m,4
questionnaire,medicat_psych_1_m,5
questionnaire,medicat_psych_1_m,6
questionnaire,medicat_psych_1_m,7
questionnaire,medicat_psych_1_m,8
questionnaire,medicat_psych_1_m,9
questionnaire,medicat_psych_1_m,10
questionnaire,medicat_psych_1_m,-7
questionnaire,medicat_psych_1_m,-1
questionnaire,medicat_psych_1_m,-3
questionnaire,medicat_psych_antidepr_1_m,1
questionnaire,medicat_psych_antidepr_1_m,2
questionnaire,medicat_psych_antidepr_1_m,3
questionnaire,medicat_psych_antidepr_1_m,-7
questionnaire,medicat_psych_antidepr_1_m,-1
questionnaire,medicat_psych_antidepr_1_m,-3
questionnaire,medicat_psych_antipsych_1_m,1
questionnaire,medicat_psych_antipsych_1_m,2
questionnaire,medicat_psych_antipsych_1_m,-7
questionnaire,medicat_psych_antipsych_1_m,-1
questionnaire,medicat_psych_antipsych_1_m,-3
questionnaire,medicat_repro_1_m,1
questionnaire,medicat_repro_1_m,2
questionnaire,medicat_repro_1_m,3
questionnaire,medicat_repro_1_m,4
questionnaire,medicat_repro_1_m,5
questionnaire,medicat_repro_1_m,6
questionnaire,medicat_repro_1_m,7
questionnaire,medicat_repro_1_m,8
questionnaire,medicat_repro_1_m,-7
questionnaire,medicat_repro_1_m,-1
questionnaire,medicat_repro_1_m,-3
questionnaire,medicat_repro_contracept_1_m,1
questionnaire,medicat_repro_contracept_1_m,2
questionnaire,medicat_repro_contracept_1_m,3
questionnaire,medicat_repro_contracept_1_m,4
questionnaire,medicat_repro_contracept_1_m,5
questionnaire,medicat_repro_contracept_1_m,6
questionnaire,medicat_repro_contracept_1_m,7
questionnaire,medicat_repro_contracept_1_m,8
questionnaire,medicat_repro_contracept_1_m,9
questionnaire,medicat_repro_contracept_1_m,-7
questionnaire,medicat_repro_contracept_1_m,-1
questionnaire,medicat_repro_contracept_1_m,-3
questionnaire,medicat_resp_1_m,1
questionnaire,medicat_resp_1_m,2
questionnaire,medicat_resp_1_m,3
questionnaire,medicat_resp_1_m,4
questionnaire,medicat_resp_1_m,5
questionnaire,medicat_resp_1_m,6
questionnaire,medicat_resp_1_m,7
questionnaire,medicat_resp_1_m,8
questionnaire,medicat_resp_1_m,-7
questionnaire,medicat_resp_1_m,-1
questionnaire,medicat_resp_1_m,-3
questionnaire,medicat_suppl_1_m,1
questionnaire,medicat_suppl_1_m,2
questionnaire,medicat_suppl_1_m,3
questionnaire,medicat_suppl_1_m,4
questionnaire,medicat_suppl_1_m,5
questionnaire,medicat_suppl_1_m,6
questionnaire,medicat_suppl_1_m,7
questionnaire,medicat_suppl_1_m,8
questionnaire,medicat_suppl_1_m,9
questionnaire,medicat_suppl_1_m,10
questionnaire,medicat_suppl_1_m,11
questionnaire,medicat_suppl_1_m,12
questionnaire,medicat_suppl_1_m,13
questionnaire,medicat_suppl_1_m,14
questionnaire,medicat_suppl_1_m,15
questionnaire,medicat_suppl_1_m,-7
questionnaire,medicat_suppl_1_m,-1
questionnaire,medicat_suppl_1_m,-3
questionnaire,phq9_impair_1_1,0
questionnaire,phq9_impair_1_1,1
questionnaire,phq9_impair_1_1,2
questionnaire,phq9_impair_1_1,3
questionnaire,phq9_impair_1_1,-1
questionnaire,phq9_impair_1_1,-3
questionnaire,phq9_item1_interest_1_1,1
questionnaire,phq9_item1_interest_1_1,2
questionnaire,phq9_item1_interest_1_1,3
questionnaire,phq9_item1_interest_1_1,4
questionnaire,phq9_item1_interest_1_1,-1
questionnaire,phq9_item1_interest_1_1,-3
questionnaire,phq9_item2_down_1_1,1
questionnaire,phq9_item2_down_1_1,2
questionnaire,phq9_item2_down_1_1,3
questionnaire,phq9_item2_down_1_1,4
questionnaire,phq9_item2_down_1_1,-1
questionnaire,phq9_item2_down_1_1,-3
questionnaire,phq9_item3_sleep_1_1,1
questionnaire,phq9_item3_sleep_1_1,2
questionnaire,phq9_item3_sleep_1_1,3
questionnaire,phq9_item3_sleep_1_1,4
questionnaire,phq9_item3_sleep_1_1,-1
questionnaire,phq9_item3_sleep_1_1,-3
questionnaire,phq9_item4_energy_1_1,1
questionnaire,phq9_item4_energy_1_1,2
questionnaire,phq9_item4_energy_1_1,3
questionnaire,phq9_item4_energy_1_1,4
questionnaire,phq9_item4_energy_1_1,-1
questionnaire,phq9_item4_energy_1_1,-3
questionnaire,phq9_item5_appetite_1_1,1
questionnaire,phq9_item5_appetite_1_1,2
questionnaire,phq9_item5_appetite_1_1,3
questionnaire,phq9_item5_appetite_1_1,4
questionnaire,phq9_item5_appetite_1_1,-1
questionnaire,phq9_item5_appetite_1_1,-3
questionnaire,phq9_item6_bad_1_1,1
questionnaire,phq9_item6_bad_1_1,2
questionnaire,phq9_item6_bad_1_1,3
questionnaire,phq9_item6_bad_1_1,4
questionnaire,phq9_item6_bad_1_1,-1
questionnaire,phq9_item6_bad_1_1,-3
questionnaire,phq9_item7_concentr_1_1,1
questionnaire,phq9_item7_concentr_1_1,2
questionnaire,phq9_item7_concentr_1_1,3
questionnaire,phq9_item7_concentr_1_1,4
questionnaire,phq9_item7_concentr_1_1,-1
questionnaire,phq9_item7_concentr_1_1,-3
questionnaire,phq9_item8_movement_1_1,1
questionnaire,phq9_item8_movement_1_1,2
questionnaire,phq9_item8_movement_1_1,3
questionnaire,phq9_item8_movement_1_1,4
questionnaire,phq9_item8_movement_1_1,-1
questionnaire,phq9_item8_movement_1_1,-3
questionnaire,phq9_item9_harm_1_1,1
questionnaire,phq9_item9_harm_1_1,2
questionnaire,phq9_item9_harm_1_1,3
questionnaire,phq9_item9_harm_1_1,4
questionnaire,phq9_item9_harm_1_1,-1
questionnaire,phq9_item9_harm_1_1,-3
questionnaire,skip_phq9_gad7_1_1,1
questionnaire,skip_phq9_gad7_1_1,0
clinic_measurements,height_skipped,0
clinic_measurements,height_skipped,1
clinic_measurements,weight_skipped,0
clinic_measurements,weight_skipped,1
clinic_measurements,waist_skipped,0
clinic_measurements,waist_skipped,1
clinic_measurements,heart_first_skipped,0
clinic_measurements,heart_first_skipped,1
clinic_measurements,heart_second_skipped,0
clinic_measurements,heart_second_skipped,1
clinic_measurements,heart_third_skipped,0
clinic_measurements,heart_third_skipped,1
clinic_measurements,height_skipped_reason,1
clinic_measurements,height_skipped_reason,2
clinic_measurements,weight_skipped_reason,1
clinic_measurements,weight_skipped_reason,2
clinic_measurements,waist_skipped_reason,1
clinic_measurements,waist_skipped_reason,2
clinic_measurements,heart_first_rhythm,1
clinic_measurements,heart_first_rhythm,2
clinic_measurements,heart_second_rhythm,1
clinic_measurements,heart_second_rhythm,2
clinic_measurements,heart_third_rhythm,1
clinic_measurements,heart_third_rhythm,2
clinic_measurements,heart_first_skipped_reason,1
clinic_measurements,heart_first_skipped_reason,2
clinic_measurements,heart_second_skipped_reason,1
clinic_measurements,heart_second_skipped_reason,2
clinic_measurements,heart_third_skipped_reason,1
clinic_measurements,heart_third_skipped_reason,2
